vintage_date,value,frequency,forecast_horizon,variable,source,date
2019 Q4,0.1315992444067038,Q,1,Core goods inflation,OLS-FixedCoeff25,2020 Q1
2019 Q4,0.028882007536309665,Q,2,Core goods inflation,OLS-FixedCoeff25,2020 Q2
2019 Q4,-0.08387300704385772,Q,3,Core goods inflation,OLS-FixedCoeff25,2020 Q3
2019 Q4,0.02340498578925549,Q,4,Core goods inflation,OLS-FixedCoeff25,2020 Q4
2019 Q4,0.02349099730670983,Q,5,Core goods inflation,OLS-FixedCoeff25,2021 Q1
2019 Q4,1.0783269568174103,Q,6,Core goods inflation,OLS-FixedCoeff25,2021 Q2
2019 Q4,1.7956436514236955,Q,7,Core goods inflation,OLS-FixedCoeff25,2021 Q3
2019 Q4,1.5555991104923272,Q,8,Core goods inflation,OLS-FixedCoeff25,2021 Q4
2019 Q4,1.4532804810403148,Q,9,Core goods inflation,OLS-FixedCoeff25,2022 Q1
2019 Q4,1.0554646440871867,Q,10,Core goods inflation,OLS-FixedCoeff25,2022 Q2
2019 Q4,0.9929137148011593,Q,11,Core goods inflation,OLS-FixedCoeff25,2022 Q3
2019 Q4,0.8079752652383824,Q,12,Core goods inflation,OLS-FixedCoeff25,2022 Q4
2020 Q1,0.1927669782631493,Q,1,Core goods inflation,OLS-FixedCoeff25,2020 Q2
2020 Q1,0.041497938605602185,Q,2,Core goods inflation,OLS-FixedCoeff25,2020 Q3
2020 Q1,0.11931295064613115,Q,3,Core goods inflation,OLS-FixedCoeff25,2020 Q4
2020 Q1,0.09685997187523915,Q,4,Core goods inflation,OLS-FixedCoeff25,2021 Q1
2020 Q1,1.1344537491778846,Q,5,Core goods inflation,OLS-FixedCoeff25,2021 Q2
2020 Q1,1.838580285596405,Q,6,Core goods inflation,OLS-FixedCoeff25,2021 Q3
2020 Q1,1.588445358719749,Q,7,Core goods inflation,OLS-FixedCoeff25,2021 Q4
2020 Q1,1.4784076490963318,Q,8,Core goods inflation,OLS-FixedCoeff25,2022 Q1
2020 Q1,1.0746867655953662,Q,9,Core goods inflation,OLS-FixedCoeff25,2022 Q2
2020 Q1,1.0076185137841367,Q,10,Core goods inflation,OLS-FixedCoeff25,2022 Q3
2020 Q1,0.8192243416235129,Q,11,Core goods inflation,OLS-FixedCoeff25,2022 Q4
2020 Q1,0.995776883485621,Q,12,Core goods inflation,OLS-FixedCoeff25,2023 Q1
2020 Q2,-0.1943123213176739,Q,1,Core goods inflation,OLS-FixedCoeff25,2020 Q3
2020 Q2,-0.061080377365028395,Q,2,Core goods inflation,OLS-FixedCoeff25,2020 Q4
2020 Q2,-0.04113976062804411,Q,3,Core goods inflation,OLS-FixedCoeff25,2021 Q1
2020 Q2,1.0288848438256886,Q,4,Core goods inflation,OLS-FixedCoeff25,2021 Q2
2020 Q2,1.7578207538560393,Q,5,Core goods inflation,OLS-FixedCoeff25,2021 Q3
2020 Q2,1.526664837787337,Q,6,Core goods inflation,OLS-FixedCoeff25,2021 Q4
2020 Q2,1.431145949029138,Q,7,Core goods inflation,OLS-FixedCoeff25,2022 Q1
2020 Q2,1.0385318698526609,Q,8,Core goods inflation,OLS-FixedCoeff25,2022 Q2
2020 Q2,0.979960251717655,Q,9,Core goods inflation,OLS-FixedCoeff25,2022 Q3
2020 Q2,0.7980659495213168,Q,10,Core goods inflation,OLS-FixedCoeff25,2022 Q4
2020 Q2,0.9795908499859673,Q,11,Core goods inflation,OLS-FixedCoeff25,2023 Q1
2020 Q2,0.8394349996298932,Q,12,Core goods inflation,OLS-FixedCoeff25,2023 Q2
2020 Q3,0.6382199885291864,Q,1,Core goods inflation,OLS-FixedCoeff25,2020 Q4
2020 Q3,0.49382050922672477,Q,2,Core goods inflation,OLS-FixedCoeff25,2021 Q1
2020 Q3,1.43812600010213,Q,3,Core goods inflation,OLS-FixedCoeff25,2021 Q2
2020 Q3,2.070887599055489,Q,4,Core goods inflation,OLS-FixedCoeff25,2021 Q3
2020 Q3,1.766158955277637,Q,5,Core goods inflation,OLS-FixedCoeff25,2021 Q4
2020 Q3,1.614357404320471,Q,6,Core goods inflation,OLS-FixedCoeff25,2022 Q1
2020 Q3,1.178687451550101,Q,7,Core goods inflation,OLS-FixedCoeff25,2022 Q2
2020 Q3,1.0871783677994886,Q,8,Core goods inflation,OLS-FixedCoeff25,2022 Q3
2020 Q3,0.8800871168334676,Q,9,Core goods inflation,OLS-FixedCoeff25,2022 Q4
2020 Q3,1.0423365139940268,Q,10,Core goods inflation,OLS-FixedCoeff25,2023 Q1
2020 Q3,0.8874350279253823,Q,11,Core goods inflation,OLS-FixedCoeff25,2023 Q2
2020 Q3,-0.5563338108440647,Q,12,Core goods inflation,OLS-FixedCoeff25,2023 Q3
2020 Q4,0.1801752835347562,Q,1,Core goods inflation,OLS-FixedCoeff25,2021 Q1
2020 Q4,1.1981894252652494,Q,2,Core goods inflation,OLS-FixedCoeff25,2021 Q2
2020 Q4,1.887337666747598,Q,3,Core goods inflation,OLS-FixedCoeff25,2021 Q3
2020 Q4,1.625744440845497,Q,4,Core goods inflation,OLS-FixedCoeff25,2021 Q4
2020 Q4,1.5069412063665477,Q,5,Core goods inflation,OLS-FixedCoeff25,2022 Q1
2020 Q4,1.096514752883307,Q,6,Core goods inflation,OLS-FixedCoeff25,2022 Q2
2020 Q4,1.0243167832824107,Q,7,Core goods inflation,OLS-FixedCoeff25,2022 Q3
2020 Q4,0.8319984100961949,Q,8,Core goods inflation,OLS-FixedCoeff25,2022 Q4
2020 Q4,1.0055489634823918,Q,9,Core goods inflation,OLS-FixedCoeff25,2023 Q1
2020 Q4,0.8592927890409009,Q,10,Core goods inflation,OLS-FixedCoeff25,2023 Q2
2020 Q4,-0.5778624420906798,Q,11,Core goods inflation,OLS-FixedCoeff25,2023 Q3
2020 Q4,-0.45102108978196537,Q,12,Core goods inflation,OLS-FixedCoeff25,2023 Q4
2021 Q1,1.0050481066794414,Q,1,Core goods inflation,OLS-FixedCoeff25,2021 Q2
2021 Q1,1.7395858036713534,Q,2,Core goods inflation,OLS-FixedCoeff25,2021 Q3
2021 Q1,1.5127152185001886,Q,3,Core goods inflation,OLS-FixedCoeff25,2021 Q4
2021 Q1,1.4204745802408754,Q,4,Core goods inflation,OLS-FixedCoeff25,2022 Q1
2021 Q1,1.03036834155336,Q,5,Core goods inflation,OLS-FixedCoeff25,2022 Q2
2021 Q1,0.9737152052183919,Q,6,Core goods inflation,OLS-FixedCoeff25,2022 Q3
2021 Q1,0.7932885292260632,Q,7,Core goods inflation,OLS-FixedCoeff25,2022 Q4
2021 Q1,0.9759361542715007,Q,8,Core goods inflation,OLS-FixedCoeff25,2023 Q1
2021 Q1,0.8366391809788504,Q,9,Core goods inflation,OLS-FixedCoeff25,2023 Q2
2021 Q1,-0.5951923061564052,Q,10,Core goods inflation,OLS-FixedCoeff25,2023 Q3
2021 Q1,-0.46427832402535385,Q,11,Core goods inflation,OLS-FixedCoeff25,2023 Q4
2021 Q1,-0.42108928908886645,Q,12,Core goods inflation,OLS-FixedCoeff25,2024 Q1
2021 Q2,1.7745924359269292,Q,1,Core goods inflation,OLS-FixedCoeff25,2021 Q3
2021 Q2,1.5394950664046045,Q,2,Core goods inflation,OLS-FixedCoeff25,2021 Q4
2021 Q2,1.4409609911743184,Q,3,Core goods inflation,OLS-FixedCoeff25,2022 Q1
2021 Q2,1.04604031379278,Q,4,Core goods inflation,OLS-FixedCoeff25,2022 Q2
2021 Q2,0.9857041629070326,Q,5,Core goods inflation,OLS-FixedCoeff25,2022 Q3
2021 Q2,0.8024600045365204,Q,6,Core goods inflation,OLS-FixedCoeff25,2022 Q4
2021 Q2,0.9829522737336645,Q,7,Core goods inflation,OLS-FixedCoeff25,2023 Q1
2021 Q2,0.8420064671177799,Q,8,Core goods inflation,OLS-FixedCoeff25,2023 Q2
2021 Q2,-0.5910863668757959,Q,9,Core goods inflation,OLS-FixedCoeff25,2023 Q3
2021 Q2,-0.46113730695645344,Q,10,Core goods inflation,OLS-FixedCoeff25,2023 Q4
2021 Q2,-0.4186864312887726,Q,11,Core goods inflation,OLS-FixedCoeff25,2024 Q1
2021 Q2,-0.012601498554596142,Q,12,Core goods inflation,OLS-FixedCoeff25,2024 Q2
2021 Q3,1.5044884341490292,Q,1,Core goods inflation,OLS-FixedCoeff25,2021 Q4
2021 Q3,1.414181143269903,Q,2,Core goods inflation,OLS-FixedCoeff25,2022 Q1
2021 Q3,1.0255539028593372,Q,3,Core goods inflation,OLS-FixedCoeff25,2022 Q2
2021 Q3,0.9700321906676127,Q,4,Core goods inflation,OLS-FixedCoeff25,2022 Q3
2021 Q3,0.79047104684788,Q,5,Core goods inflation,OLS-FixedCoeff25,2022 Q4
2021 Q3,0.9737807984232072,Q,6,Core goods inflation,OLS-FixedCoeff25,2023 Q1
2021 Q3,0.8349903476556163,Q,7,Core goods inflation,OLS-FixedCoeff25,2023 Q2
2021 Q3,-0.5964536530147254,Q,8,Core goods inflation,OLS-FixedCoeff25,2023 Q3
2021 Q3,-0.4652432462370627,Q,9,Core goods inflation,OLS-FixedCoeff25,2023 Q4
2021 Q3,-0.421827448357673,Q,10,Core goods inflation,OLS-FixedCoeff25,2024 Q1
2021 Q3,-0.015004356354690003,Q,11,Core goods inflation,OLS-FixedCoeff25,2024 Q2
2021 Q3,-0.03337955776482576,Q,12,Core goods inflation,OLS-FixedCoeff25,2024 Q3
2021 Q4,1.6352092155581572,Q,1,Core goods inflation,OLS-FixedCoeff25,2022 Q1
2021 Q4,1.1946389526656613,Q,2,Core goods inflation,OLS-FixedCoeff25,2022 Q2
2021 Q4,1.0993811632755883,Q,3,Core goods inflation,OLS-FixedCoeff25,2022 Q3
2021 Q4,0.8894221766722098,Q,4,Core goods inflation,OLS-FixedCoeff25,2022 Q4
2021 Q4,1.0494777745653094,Q,5,Core goods inflation,OLS-FixedCoeff25,2023 Q1
2021 Q4,0.8928980462057051,Q,6,Core goods inflation,OLS-FixedCoeff25,2023 Q2
2021 Q4,-0.5521546370927026,Q,7,Core goods inflation,OLS-FixedCoeff25,2023 Q3
2021 Q4,-0.431354784757935,Q,8,Core goods inflation,OLS-FixedCoeff25,2023 Q4
2021 Q4,-0.39590299388573075,Q,9,Core goods inflation,OLS-FixedCoeff25,2024 Q1
2021 Q4,0.004827684119668656,Q,10,Core goods inflation,OLS-FixedCoeff25,2024 Q2
2021 Q4,-0.018208174706321092,Q,11,Core goods inflation,OLS-FixedCoeff25,2024 Q3
2021 Q4,0.05920616073416525,Q,12,Core goods inflation,OLS-FixedCoeff25,2024 Q4
2022 Q1,1.6476353014309262,Q,1,Core goods inflation,OLS-FixedCoeff25,2022 Q2
2022 Q1,1.4459204485350927,Q,2,Core goods inflation,OLS-FixedCoeff25,2022 Q3
2022 Q1,1.1545224949319415,Q,3,Core goods inflation,OLS-FixedCoeff25,2022 Q4
2022 Q1,1.2522778083011197,Q,4,Core goods inflation,OLS-FixedCoeff25,2023 Q1
2022 Q1,1.04803876407897,Q,5,Core goods inflation,OLS-FixedCoeff25,2023 Q2
2022 Q1,-0.4334729884812116,Q,6,Core goods inflation,OLS-FixedCoeff25,2023 Q3
2022 Q1,-0.3405640889932821,Q,7,Core goods inflation,OLS-FixedCoeff25,2023 Q4
2022 Q1,-0.3264486971695352,Q,8,Core goods inflation,OLS-FixedCoeff25,2024 Q1
2022 Q1,0.0579597731703553,Q,9,Core goods inflation,OLS-FixedCoeff25,2024 Q2
2022 Q1,0.022437530748382832,Q,10,Core goods inflation,OLS-FixedCoeff25,2024 Q3
2022 Q1,0.09029986326738416,Q,11,Core goods inflation,OLS-FixedCoeff25,2024 Q4
2022 Q1,-0.004324788295089647,Q,12,Core goods inflation,OLS-FixedCoeff25,2025 Q1
2022 Q2,1.048286157282146,Q,1,Core goods inflation,OLS-FixedCoeff25,2022 Q3
2022 Q2,0.8503348266183737,Q,2,Core goods inflation,OLS-FixedCoeff25,2022 Q4
2022 Q2,1.0195762038633271,Q,3,Core goods inflation,OLS-FixedCoeff25,2023 Q1
2022 Q2,0.8700235374653026,Q,4,Core goods inflation,OLS-FixedCoeff25,2023 Q2
2022 Q2,-0.5696534887526947,Q,5,Core goods inflation,OLS-FixedCoeff25,2023 Q3
2022 Q2,-0.44474129342107227,Q,6,Core goods inflation,OLS-FixedCoeff25,2023 Q4
2022 Q2,-0.4061435866783398,Q,7,Core goods inflation,OLS-FixedCoeff25,2024 Q1
2022 Q2,-0.0030063033211953985,Q,8,Core goods inflation,OLS-FixedCoeff25,2024 Q2
2022 Q2,-0.024201124574214437,Q,9,Core goods inflation,OLS-FixedCoeff25,2024 Q3
2022 Q2,0.054621592736042245,Q,10,Core goods inflation,OLS-FixedCoeff25,2024 Q4
2022 Q2,-0.03161843514881571,Q,11,Core goods inflation,OLS-FixedCoeff25,2025 Q1
2022 Q2,0.04473391551071189,Q,12,Core goods inflation,OLS-FixedCoeff25,2025 Q2
2022 Q3,1.0797962454591115,Q,1,Core goods inflation,OLS-FixedCoeff25,2022 Q4
2022 Q3,1.195112709392438,Q,2,Core goods inflation,OLS-FixedCoeff25,2023 Q1
2022 Q3,1.0043078320933159,Q,3,Core goods inflation,OLS-FixedCoeff25,2023 Q2
2022 Q3,-0.46692686941280687,Q,4,Core goods inflation,OLS-FixedCoeff25,2023 Q3
2022 Q3,-0.3661560921491374,Q,5,Core goods inflation,OLS-FixedCoeff25,2023 Q4
2022 Q3,-0.3460264145311925,Q,6,Core goods inflation,OLS-FixedCoeff25,2024 Q1
2022 Q3,0.04298294565284055,Q,7,Core goods inflation,OLS-FixedCoeff25,2024 Q2
2022 Q3,0.010980354288746864,Q,8,Core goods inflation,OLS-FixedCoeff25,2024 Q3
2022 Q3,0.08153519716745575,Q,9,Core goods inflation,OLS-FixedCoeff25,2024 Q4
2022 Q3,-0.011029701334866224,Q,10,Core goods inflation,OLS-FixedCoeff25,2025 Q1
2022 Q3,0.0604841640938001,Q,11,Core goods inflation,OLS-FixedCoeff25,2025 Q2
2022 Q4,1.4776986429684185,Q,1,Core goods inflation,OLS-FixedCoeff25,2023 Q1
2022 Q4,1.2204842487746659,Q,2,Core goods inflation,OLS-FixedCoeff25,2023 Q2
2022 Q4,-0.30155330485559045,Q,3,Core goods inflation,OLS-FixedCoeff25,2023 Q3
2022 Q4,-0.23964638181994768,Q,4,Core goods inflation,OLS-FixedCoeff25,2023 Q4
2022 Q4,-0.24924730203865048,Q,5,Core goods inflation,OLS-FixedCoeff25,2024 Q1
2022 Q4,0.11701834254429189,Q,6,Core goods inflation,OLS-FixedCoeff25,2024 Q2
2022 Q4,0.06761695542824496,Q,7,Core goods inflation,OLS-FixedCoeff25,2024 Q3
2022 Q4,0.1248618317681677,Q,8,Core goods inflation,OLS-FixedCoeff25,2024 Q4
2022 Q4,0.022114894704716056,Q,9,Core goods inflation,OLS-FixedCoeff25,2025 Q1
2022 Q4,0.08583956630196149,Q,10,Core goods inflation,OLS-FixedCoeff25,2025 Q2
2023 Q1,1.3318672867525656,Q,1,Core goods inflation,OLS-FixedCoeff25,2023 Q2
2023 Q1,-0.21634599915411618,Q,2,Core goods inflation,OLS-FixedCoeff25,2023 Q3
2023 Q1,-0.17446334249267545,Q,3,Core goods inflation,OLS-FixedCoeff25,2023 Q4
2023 Q1,-0.1993826973435251,Q,4,Core goods inflation,OLS-FixedCoeff25,2024 Q1
2023 Q1,0.1551644435402421,Q,5,Core goods inflation,OLS-FixedCoeff25,2024 Q2
2023 Q1,0.09679847667141811,Q,6,Core goods inflation,OLS-FixedCoeff25,2024 Q3
2023 Q1,0.14718550731645433,Q,7,Core goods inflation,OLS-FixedCoeff25,2024 Q4
2023 Q1,0.03919236252527239,Q,8,Core goods inflation,OLS-FixedCoeff25,2025 Q1
2023 Q1,0.09890371904559517,Q,9,Core goods inflation,OLS-FixedCoeff25,2025 Q2
2023 Q2,0.199262391757065,Q,1,Core goods inflation,OLS-FixedCoeff25,2023 Q3
2023 Q2,0.14347439613762988,Q,2,Core goods inflation,OLS-FixedCoeff25,2023 Q4
2023 Q2,0.04383762220713308,Q,3,Core goods inflation,OLS-FixedCoeff25,2024 Q1
2023 Q2,0.34122641937605314,Q,4,Core goods inflation,OLS-FixedCoeff25,2024 Q2
2023 Q2,0.23913468820129175,Q,5,Core goods inflation,OLS-FixedCoeff25,2024 Q3
2023 Q2,0.2560717911563876,Q,6,Core goods inflation,OLS-FixedCoeff25,2024 Q4
2023 Q2,0.12248966741372042,Q,7,Core goods inflation,OLS-FixedCoeff25,2025 Q1
2023 Q2,0.16262562006922476,Q,8,Core goods inflation,OLS-FixedCoeff25,2025 Q2
2023 Q3,0.14347439613763044,Q,1,Core goods inflation,OLS-FixedCoeff25,2023 Q4
2023 Q3,0.0438376222071335,Q,2,Core goods inflation,OLS-FixedCoeff25,2024 Q1
2023 Q3,0.3412264193760534,Q,3,Core goods inflation,OLS-FixedCoeff25,2024 Q2
2023 Q3,0.23913468820129197,Q,4,Core goods inflation,OLS-FixedCoeff25,2024 Q3
2023 Q3,0.2560717911563878,Q,5,Core goods inflation,OLS-FixedCoeff25,2024 Q4
2023 Q3,0.12248966741372055,Q,6,Core goods inflation,OLS-FixedCoeff25,2025 Q1
2023 Q3,0.16262562006922487,Q,7,Core goods inflation,OLS-FixedCoeff25,2025 Q2
2023 Q4,-0.17042473515128248,Q,1,Core goods inflation,OLS-FixedCoeff25,2024 Q1
2023 Q4,0.1773170978563843,Q,2,Core goods inflation,OLS-FixedCoeff25,2024 Q2
2023 Q4,0.11374511435236502,Q,3,Core goods inflation,OLS-FixedCoeff25,2024 Q3
2023 Q4,0.1601495758470602,Q,4,Core goods inflation,OLS-FixedCoeff25,2024 Q4
2023 Q4,0.049109791340972084,Q,5,Core goods inflation,OLS-FixedCoeff25,2025 Q1
2023 Q4,0.10649048812833113,Q,6,Core goods inflation,OLS-FixedCoeff25,2025 Q2
2024 Q1,0.3478122405408714,Q,1,Core goods inflation,OLS-FixedCoeff25,2024 Q2
2024 Q1,0.24417279891790955,Q,2,Core goods inflation,OLS-FixedCoeff25,2024 Q3
2024 Q1,0.25992591336190607,Q,3,Core goods inflation,OLS-FixedCoeff25,2024 Q4
2024 Q1,0.12543804604424055,Q,4,Core goods inflation,OLS-FixedCoeff25,2025 Q1
2024 Q1,0.16488111070635636,Q,5,Core goods inflation,OLS-FixedCoeff25,2025 Q2
2024 Q2,-0.026858785854629818,Q,1,Core goods inflation,OLS-FixedCoeff25,2024 Q3
2024 Q2,0.052588498996793936,Q,2,Core goods inflation,OLS-FixedCoeff25,2024 Q4
2024 Q2,-0.033173738747145076,Q,3,Core goods inflation,OLS-FixedCoeff25,2025 Q1
2024 Q2,0.04354411828873499,Q,4,Core goods inflation,OLS-FixedCoeff25,2025 Q2
2024 Q3,0.29563398077539127,Q,1,Core goods inflation,OLS-FixedCoeff25,2024 Q4
2024 Q3,0.15275448732063476,Q,2,Core goods inflation,OLS-FixedCoeff25,2025 Q1
2024 Q3,0.1857780121086679,Q,3,Core goods inflation,OLS-FixedCoeff25,2025 Q2
2024 Q4,0.3759229386536584,Q,1,Core goods inflation,OLS-FixedCoeff25,2025 Q1
2024 Q4,0.356500438080121,Q,2,Core goods inflation,OLS-FixedCoeff25,2025 Q2
2025 Q1,0.35120297691400726,Q,1,Core goods inflation,OLS-FixedCoeff25,2025 Q2
2019 Q4,0.09700565473226282,Q,1,Core goods inflation,AR(1)-FixedCoeff25,2020 Q1
2019 Q4,0.07486098617960492,Q,2,Core goods inflation,AR(1)-FixedCoeff25,2020 Q2
2019 Q4,0.05777155225899553,Q,3,Core goods inflation,AR(1)-FixedCoeff25,2020 Q3
2019 Q4,0.04458333266417925,Q,4,Core goods inflation,AR(1)-FixedCoeff25,2020 Q4
2019 Q4,0.03440574943414948,Q,5,Core goods inflation,AR(1)-FixedCoeff25,2021 Q1
2019 Q4,0.026551527743384085,Q,6,Core goods inflation,AR(1)-FixedCoeff25,2021 Q2
2019 Q4,0.020490285405844473,Q,7,Core goods inflation,AR(1)-FixedCoeff25,2021 Q3
2019 Q4,0.01581271707115153,Q,8,Core goods inflation,AR(1)-FixedCoeff25,2021 Q4
2019 Q4,0.012202954532832771,Q,9,Core goods inflation,AR(1)-FixedCoeff25,2022 Q1
2019 Q4,0.009417236687429054,Q,10,Core goods inflation,AR(1)-FixedCoeff25,2022 Q2
2019 Q4,0.007267448763203146,Q,11,Core goods inflation,AR(1)-FixedCoeff25,2022 Q3
2019 Q4,0.005608419250658324,Q,12,Core goods inflation,AR(1)-FixedCoeff25,2022 Q4
2020 Q1,0.2668829743327071,Q,1,Core goods inflation,AR(1)-FixedCoeff25,2020 Q2
2020 Q1,0.20595833003998934,Q,2,Core goods inflation,AR(1)-FixedCoeff25,2020 Q3
2020 Q1,0.1589417002673994,Q,3,Core goods inflation,AR(1)-FixedCoeff25,2020 Q4
2020 Q1,0.12265813224930894,Q,4,Core goods inflation,AR(1)-FixedCoeff25,2021 Q1
2020 Q1,0.09465745856233834,Q,5,Core goods inflation,AR(1)-FixedCoeff25,2021 Q2
2020 Q1,0.07304884150093752,Q,6,Core goods inflation,AR(1)-FixedCoeff25,2021 Q3
2020 Q1,0.05637308803420796,Q,7,Core goods inflation,AR(1)-FixedCoeff25,2021 Q4
2020 Q1,0.043504112990919566,Q,8,Core goods inflation,AR(1)-FixedCoeff25,2022 Q1
2020 Q1,0.03357289644977824,Q,9,Core goods inflation,AR(1)-FixedCoeff25,2022 Q2
2020 Q1,0.025908800307290383,Q,10,Core goods inflation,AR(1)-FixedCoeff25,2022 Q3
2020 Q1,0.019994281231206796,Q,11,Core goods inflation,AR(1)-FixedCoeff25,2022 Q4
2020 Q1,0.015429941842583044,Q,12,Core goods inflation,AR(1)-FixedCoeff25,2023 Q1
2020 Q2,-0.08912130509603597,Q,1,Core goods inflation,AR(1)-FixedCoeff25,2020 Q3
2020 Q2,-0.06877649357160391,Q,2,Core goods inflation,AR(1)-FixedCoeff25,2020 Q4
2020 Q2,-0.05307604127775805,Q,3,Core goods inflation,AR(1)-FixedCoeff25,2021 Q1
2020 Q2,-0.04095972346693424,Q,4,Core goods inflation,AR(1)-FixedCoeff25,2021 Q2
2020 Q2,-0.03160934587619248,Q,5,Core goods inflation,AR(1)-FixedCoeff25,2021 Q3
2020 Q2,-0.02439349346504636,Q,6,Core goods inflation,AR(1)-FixedCoeff25,2021 Q4
2020 Q2,-0.018824892035410122,Q,7,Core goods inflation,AR(1)-FixedCoeff25,2022 Q1
2020 Q2,-0.014527503436628975,Q,8,Core goods inflation,AR(1)-FixedCoeff25,2022 Q2
2020 Q2,-0.011211132350946774,Q,9,Core goods inflation,AR(1)-FixedCoeff25,2022 Q3
2020 Q2,-0.00865182989897202,Q,10,Core goods inflation,AR(1)-FixedCoeff25,2022 Q4
2020 Q2,-0.006676770754064356,Q,11,Core goods inflation,AR(1)-FixedCoeff25,2023 Q1
2020 Q2,-0.00515258254298618,Q,12,Core goods inflation,AR(1)-FixedCoeff25,2023 Q2
2020 Q3,0.5554928670897489,Q,1,Core goods inflation,AR(1)-FixedCoeff25,2020 Q4
2020 Q3,0.4286837088090315,Q,2,Core goods inflation,AR(1)-FixedCoeff25,2021 Q1
2020 Q3,0.3308228297530516,Q,3,Core goods inflation,AR(1)-FixedCoeff25,2021 Q2
2020 Q3,0.25530185177755654,Q,4,Core goods inflation,AR(1)-FixedCoeff25,2021 Q3
2020 Q3,0.19702097213092415,Q,5,Core goods inflation,AR(1)-FixedCoeff25,2021 Q4
2020 Q3,0.15204458247813932,Q,6,Core goods inflation,AR(1)-FixedCoeff25,2022 Q1
2020 Q3,0.11733550398680226,Q,7,Core goods inflation,AR(1)-FixedCoeff25,2022 Q2
2020 Q3,0.09054989182410607,Q,8,Core goods inflation,AR(1)-FixedCoeff25,2022 Q3
2020 Q3,0.06987895931549888,Q,9,Core goods inflation,AR(1)-FixedCoeff25,2022 Q4
2020 Q3,0.053926833667593446,Q,10,Core goods inflation,AR(1)-FixedCoeff25,2023 Q1
2020 Q3,0.04161629506075492,Q,11,Core goods inflation,AR(1)-FixedCoeff25,2023 Q2
2020 Q3,0.03211603383316355,Q,12,Core goods inflation,AR(1)-FixedCoeff25,2023 Q3
2020 Q4,0.1761235661842284,Q,1,Core goods inflation,AR(1)-FixedCoeff25,2021 Q1
2020 Q4,0.13591768325682116,Q,2,Core goods inflation,AR(1)-FixedCoeff25,2021 Q2
2020 Q4,0.10489008951009902,Q,3,Core goods inflation,AR(1)-FixedCoeff25,2021 Q3
2020 Q4,0.08094554449289763,Q,4,Core goods inflation,AR(1)-FixedCoeff25,2021 Q4
2020 Q4,0.062467113946173276,Q,5,Core goods inflation,AR(1)-FixedCoeff25,2022 Q1
2020 Q4,0.048206980992098705,Q,6,Core goods inflation,AR(1)-FixedCoeff25,2022 Q2
2020 Q4,0.03720218318994275,Q,7,Core goods inflation,AR(1)-FixedCoeff25,2022 Q3
2020 Q4,0.028709585325928245,Q,8,Core goods inflation,AR(1)-FixedCoeff25,2022 Q4
2020 Q4,0.022155696760548717,Q,9,Core goods inflation,AR(1)-FixedCoeff25,2023 Q1
2020 Q4,0.01709794458445449,Q,10,Core goods inflation,AR(1)-FixedCoeff25,2023 Q2
2020 Q4,0.01319478742522004,Q,11,Core goods inflation,AR(1)-FixedCoeff25,2023 Q3
2020 Q4,0.010182651741370095,Q,12,Core goods inflation,AR(1)-FixedCoeff25,2023 Q4
2021 Q1,-0.05579454307297252,Q,1,Core goods inflation,AR(1)-FixedCoeff25,2021 Q2
2021 Q1,-0.04305763957174763,Q,2,Core goods inflation,AR(1)-FixedCoeff25,2021 Q3
2021 Q1,-0.033228344984665814,Q,3,Core goods inflation,AR(1)-FixedCoeff25,2021 Q4
2021 Q1,-0.02564290382384172,Q,4,Core goods inflation,AR(1)-FixedCoeff25,2022 Q1
2021 Q1,-0.019789084193698053,Q,5,Core goods inflation,AR(1)-FixedCoeff25,2022 Q2
2021 Q1,-0.01527158764527944,Q,6,Core goods inflation,AR(1)-FixedCoeff25,2022 Q3
2021 Q1,-0.011785355346647236,Q,7,Core goods inflation,AR(1)-FixedCoeff25,2022 Q4
2021 Q1,-0.009094967980600232,Q,8,Core goods inflation,AR(1)-FixedCoeff25,2023 Q1
2021 Q1,-0.00701874827997237,Q,9,Core goods inflation,AR(1)-FixedCoeff25,2023 Q2
2021 Q1,-0.005416492671848191,Q,10,Core goods inflation,AR(1)-FixedCoeff25,2023 Q3
2021 Q1,-0.004180003569568198,Q,11,Core goods inflation,AR(1)-FixedCoeff25,2023 Q4
2021 Q1,-0.0032257829743617124,Q,12,Core goods inflation,AR(1)-FixedCoeff25,2024 Q1
2021 Q2,0.8109278059831663,Q,1,Core goods inflation,AR(1)-FixedCoeff25,2021 Q3
2021 Q2,0.625807386630347,Q,2,Core goods inflation,AR(1)-FixedCoeff25,2021 Q4
2021 Q2,0.48294667203609787,Q,3,Core goods inflation,AR(1)-FixedCoeff25,2022 Q1
2021 Q2,0.37269852196313463,Q,4,Core goods inflation,AR(1)-FixedCoeff25,2022 Q2
2021 Q2,0.28761806699668646,Q,5,Core goods inflation,AR(1)-FixedCoeff25,2022 Q3
2021 Q2,0.2219599692190168,Q,6,Core goods inflation,AR(1)-FixedCoeff25,2022 Q4
2021 Q2,0.1712904493453621,Q,7,Core goods inflation,AR(1)-FixedCoeff25,2023 Q1
2021 Q2,0.13218788117592814,Q,8,Core goods inflation,AR(1)-FixedCoeff25,2023 Q2
2021 Q2,0.10201173501828062,Q,9,Core goods inflation,AR(1)-FixedCoeff25,2023 Q3
2021 Q2,0.07872426722378646,Q,10,Core goods inflation,AR(1)-FixedCoeff25,2023 Q4
2021 Q2,0.06075291483682283,Q,11,Core goods inflation,AR(1)-FixedCoeff25,2024 Q1
2021 Q2,0.04688410310226477,Q,12,Core goods inflation,AR(1)-FixedCoeff25,2024 Q2
2021 Q3,1.3341701557660488,Q,1,Core goods inflation,AR(1)-FixedCoeff25,2021 Q4
2021 Q3,1.0296027985967051,Q,2,Core goods inflation,AR(1)-FixedCoeff25,2022 Q1
2021 Q3,0.7945627612015452,Q,3,Core goods inflation,AR(1)-FixedCoeff25,2022 Q2
2021 Q3,0.6131781909962692,Q,4,Core goods inflation,AR(1)-FixedCoeff25,2022 Q3
2021 Q3,0.4732004975225437,Q,5,Core goods inflation,AR(1)-FixedCoeff25,2022 Q4
2021 Q3,0.36517722603892355,Q,6,Core goods inflation,AR(1)-FixedCoeff25,2023 Q1
2021 Q3,0.28181374938459347,Q,7,Core goods inflation,AR(1)-FixedCoeff25,2023 Q2
2021 Q3,0.21748067425688078,Q,8,Core goods inflation,AR(1)-FixedCoeff25,2023 Q3
2021 Q3,0.16783369788916772,Q,9,Core goods inflation,AR(1)-FixedCoeff25,2023 Q4
2021 Q3,0.12952024469944928,Q,10,Core goods inflation,AR(1)-FixedCoeff25,2024 Q1
2021 Q3,0.09995307258309502,Q,11,Core goods inflation,AR(1)-FixedCoeff25,2024 Q2
2021 Q3,0.07713556086914913,Q,12,Core goods inflation,AR(1)-FixedCoeff25,2024 Q3
2021 Q4,1.3840113217887933,Q,1,Core goods inflation,AR(1)-FixedCoeff25,2022 Q1
2021 Q4,1.0680661113912235,Q,2,Core goods inflation,AR(1)-FixedCoeff25,2022 Q2
2021 Q4,0.8242455826358158,Q,3,Core goods inflation,AR(1)-FixedCoeff25,2022 Q3
2021 Q4,0.6360849513423089,Q,4,Core goods inflation,AR(1)-FixedCoeff25,2022 Q4
2021 Q4,0.4908780512117315,Q,5,Core goods inflation,AR(1)-FixedCoeff25,2023 Q1
2021 Q4,0.3788193081017477,Q,6,Core goods inflation,AR(1)-FixedCoeff25,2023 Q2
2021 Q4,0.2923415863399216,Q,7,Core goods inflation,AR(1)-FixedCoeff25,2023 Q3
2021 Q4,0.22560519296652906,Q,8,Core goods inflation,AR(1)-FixedCoeff25,2023 Q4
2021 Q4,0.17410353323554614,Q,9,Core goods inflation,AR(1)-FixedCoeff25,2024 Q1
2021 Q4,0.13435878796281978,Q,10,Core goods inflation,AR(1)-FixedCoeff25,2024 Q2
2021 Q4,0.10368706233212899,Q,11,Core goods inflation,AR(1)-FixedCoeff25,2024 Q3
2021 Q4,0.08001714705882773,Q,12,Core goods inflation,AR(1)-FixedCoeff25,2024 Q4
2022 Q1,1.7188981208016256,Q,1,Core goods inflation,AR(1)-FixedCoeff25,2022 Q2
2022 Q1,1.3265042004059853,Q,2,Core goods inflation,AR(1)-FixedCoeff25,2022 Q3
2022 Q1,1.0236868447294063,Q,3,Core goods inflation,AR(1)-FixedCoeff25,2022 Q4
2022 Q1,0.7899973145590646,Q,4,Core goods inflation,AR(1)-FixedCoeff25,2023 Q1
2022 Q1,0.6096549547586523,Q,5,Core goods inflation,AR(1)-FixedCoeff25,2023 Q2
2022 Q1,0.47048155355974386,Q,6,Core goods inflation,AR(1)-FixedCoeff25,2023 Q3
2022 Q1,0.36307896870553347,Q,7,Core goods inflation,AR(1)-FixedCoeff25,2023 Q4
2022 Q1,0.28019448694396865,Q,8,Core goods inflation,AR(1)-FixedCoeff25,2024 Q1
2022 Q1,0.21623106067998843,Q,9,Core goods inflation,AR(1)-FixedCoeff25,2024 Q2
2022 Q1,0.166869348903866,Q,10,Core goods inflation,AR(1)-FixedCoeff25,2024 Q3
2022 Q1,0.1287760394646077,Q,11,Core goods inflation,AR(1)-FixedCoeff25,2024 Q4
2022 Q1,0.09937875618933394,Q,12,Core goods inflation,AR(1)-FixedCoeff25,2025 Q1
2022 Q2,0.8703799664454912,Q,1,Core goods inflation,AR(1)-FixedCoeff25,2022 Q3
2022 Q2,0.671687674485747,Q,2,Core goods inflation,AR(1)-FixedCoeff25,2022 Q4
2022 Q2,0.5183533048199193,Q,3,Core goods inflation,AR(1)-FixedCoeff25,2023 Q1
2022 Q2,0.40002244915904533,Q,4,Core goods inflation,AR(1)-FixedCoeff25,2023 Q2
2022 Q2,0.30870442677469323,Q,5,Core goods inflation,AR(1)-FixedCoeff25,2023 Q3
2022 Q2,0.238232687467003,Q,6,Core goods inflation,AR(1)-FixedCoeff25,2023 Q4
2022 Q2,0.18384839495409314,Q,7,Core goods inflation,AR(1)-FixedCoeff25,2024 Q1
2022 Q2,0.14187907077981396,Q,8,Core goods inflation,AR(1)-FixedCoeff25,2024 Q2
2022 Q2,0.10949059811139407,Q,9,Core goods inflation,AR(1)-FixedCoeff25,2024 Q3
2022 Q2,0.0844958386666883,Q,10,Core goods inflation,AR(1)-FixedCoeff25,2024 Q4
2022 Q2,0.06520693899875633,Q,11,Core goods inflation,AR(1)-FixedCoeff25,2025 Q1
2022 Q2,0.05032135263323706,Q,12,Core goods inflation,AR(1)-FixedCoeff25,2025 Q2
2022 Q3,1.040459399146792,Q,1,Core goods inflation,AR(1)-FixedCoeff25,2022 Q4
2022 Q3,0.8029409926147625,Q,2,Core goods inflation,AR(1)-FixedCoeff25,2023 Q1
2022 Q3,0.6196438209408892,Q,3,Core goods inflation,AR(1)-FixedCoeff25,2023 Q2
2022 Q3,0.47819013895388646,Q,4,Core goods inflation,AR(1)-FixedCoeff25,2023 Q3
2022 Q3,0.3690278209270657,Q,5,Core goods inflation,AR(1)-FixedCoeff25,2023 Q4
2022 Q3,0.28478532183055105,Q,6,Core goods inflation,AR(1)-FixedCoeff25,2024 Q1
2022 Q3,0.21977388947636983,Q,7,Core goods inflation,AR(1)-FixedCoeff25,2024 Q2
2022 Q3,0.16960341279214786,Q,8,Core goods inflation,AR(1)-FixedCoeff25,2024 Q3
2022 Q3,0.13088596511296013,Q,9,Core goods inflation,AR(1)-FixedCoeff25,2024 Q4
2022 Q3,0.10100702327579661,Q,10,Core goods inflation,AR(1)-FixedCoeff25,2025 Q1
2022 Q3,0.07794891333255019,Q,11,Core goods inflation,AR(1)-FixedCoeff25,2025 Q2
2022 Q4,1.1183677667895742,Q,1,Core goods inflation,AR(1)-FixedCoeff25,2023 Q1
2022 Q4,0.8630642632578928,Q,2,Core goods inflation,AR(1)-FixedCoeff25,2023 Q2
2022 Q4,0.6660420164389821,Q,3,Core goods inflation,AR(1)-FixedCoeff25,2023 Q3
2022 Q4,0.5139964502614903,Q,4,Core goods inflation,AR(1)-FixedCoeff25,2023 Q4
2022 Q4,0.3966601871364313,Q,5,Core goods inflation,AR(1)-FixedCoeff25,2024 Q1
2022 Q4,0.30610970947185334,Q,6,Core goods inflation,AR(1)-FixedCoeff25,2024 Q2
2022 Q4,0.23623029805286017,Q,7,Core goods inflation,AR(1)-FixedCoeff25,2024 Q3
2022 Q4,0.18230311548897266,Q,8,Core goods inflation,AR(1)-FixedCoeff25,2024 Q4
2022 Q4,0.14068655117875264,Q,9,Core goods inflation,AR(1)-FixedCoeff25,2025 Q1
2022 Q4,0.10857030956099611,Q,10,Core goods inflation,AR(1)-FixedCoeff25,2025 Q2
2023 Q1,1.2527283627129528,Q,1,Core goods inflation,AR(1)-FixedCoeff25,2023 Q2
2023 Q1,0.9667527208252871,Q,2,Core goods inflation,AR(1)-FixedCoeff25,2023 Q3
2023 Q1,0.7460602402256377,Q,3,Core goods inflation,AR(1)-FixedCoeff25,2023 Q4
2023 Q1,0.5757479343532428,Q,4,Core goods inflation,AR(1)-FixedCoeff25,2024 Q1
2023 Q1,0.44431490386322126,Q,5,Core goods inflation,AR(1)-FixedCoeff25,2024 Q2
2023 Q1,0.34288570052230816,Q,6,Core goods inflation,AR(1)-FixedCoeff25,2024 Q3
2023 Q1,0.26461098333732047,Q,7,Core goods inflation,AR(1)-FixedCoeff25,2024 Q4
2023 Q1,0.20420499424760427,Q,8,Core goods inflation,AR(1)-FixedCoeff25,2025 Q1
2023 Q1,0.1575886199043606,Q,9,Core goods inflation,AR(1)-FixedCoeff25,2025 Q2
2023 Q2,1.4470871745320302,Q,1,Core goods inflation,AR(1)-FixedCoeff25,2023 Q3
2023 Q2,1.1167428669217214,Q,2,Core goods inflation,AR(1)-FixedCoeff25,2023 Q4
2023 Q2,0.861810299178311,Q,3,Core goods inflation,AR(1)-FixedCoeff25,2024 Q1
2023 Q2,0.6650743100935078,Q,4,Core goods inflation,AR(1)-FixedCoeff25,2024 Q2
2023 Q2,0.5132496540921906,Q,5,Core goods inflation,AR(1)-FixedCoeff25,2024 Q3
2023 Q2,0.3960838712725445,Q,6,Core goods inflation,AR(1)-FixedCoeff25,2024 Q4
2023 Q2,0.30566495628668494,Q,7,Core goods inflation,AR(1)-FixedCoeff25,2025 Q1
2023 Q2,0.23588707412287255,Q,8,Core goods inflation,AR(1)-FixedCoeff25,2025 Q2
2023 Q3,0.1537743258020558,Q,1,Core goods inflation,AR(1)-FixedCoeff25,2023 Q4
2023 Q3,0.11867037762301832,Q,2,Core goods inflation,AR(1)-FixedCoeff25,2024 Q1
2023 Q3,0.09158003751105699,Q,3,Core goods inflation,AR(1)-FixedCoeff25,2024 Q2
2023 Q3,0.07067394103328284,Q,4,Core goods inflation,AR(1)-FixedCoeff25,2024 Q3
2023 Q3,0.05454033517482331,Q,5,Core goods inflation,AR(1)-FixedCoeff25,2024 Q4
2023 Q3,0.042089745067155696,Q,6,Core goods inflation,AR(1)-FixedCoeff25,2025 Q1
2023 Q3,0.03248140360963406,Q,7,Core goods inflation,AR(1)-FixedCoeff25,2025 Q2
2023 Q4,-0.10542395980761209,Q,1,Core goods inflation,AR(1)-FixedCoeff25,2024 Q1
2023 Q4,-0.08135754168083614,Q,2,Core goods inflation,AR(1)-FixedCoeff25,2024 Q2
2023 Q4,-0.06278505949148636,Q,3,Core goods inflation,AR(1)-FixedCoeff25,2024 Q3
2023 Q4,-0.04845234521482616,Q,4,Core goods inflation,AR(1)-FixedCoeff25,2024 Q4
2023 Q4,-0.03739153511728416,Q,5,Core goods inflation,AR(1)-FixedCoeff25,2025 Q1
2023 Q4,-0.028855711570371523,Q,6,Core goods inflation,AR(1)-FixedCoeff25,2025 Q2
2024 Q1,0.04047398120870219,Q,1,Core goods inflation,AR(1)-FixedCoeff25,2024 Q2
2024 Q1,0.031234489950723778,Q,2,Core goods inflation,AR(1)-FixedCoeff25,2024 Q3
2024 Q1,0.02410421049145779,Q,3,Core goods inflation,AR(1)-FixedCoeff25,2024 Q4
2024 Q1,0.018601647228212233,Q,4,Core goods inflation,AR(1)-FixedCoeff25,2025 Q1
2024 Q1,0.014355221455001862,Q,5,Core goods inflation,AR(1)-FixedCoeff25,2025 Q2
2024 Q2,-0.005001039469836757,Q,1,Core goods inflation,AR(1)-FixedCoeff25,2024 Q3
2024 Q2,-0.0038593909568304095,Q,2,Core goods inflation,AR(1)-FixedCoeff25,2024 Q4
2024 Q2,-0.002978360528346428,Q,3,Core goods inflation,AR(1)-FixedCoeff25,2025 Q1
2024 Q2,-0.002298453703197038,Q,4,Core goods inflation,AR(1)-FixedCoeff25,2025 Q2
2024 Q3,0.22445442164984652,Q,1,Core goods inflation,AR(1)-FixedCoeff25,2024 Q4
2024 Q3,0.17321546257748163,Q,2,Core goods inflation,AR(1)-FixedCoeff25,2025 Q1
2024 Q3,0.13367344806749748,Q,3,Core goods inflation,AR(1)-FixedCoeff25,2025 Q2
2024 Q4,0.4532760685516841,Q,1,Core goods inflation,AR(1)-FixedCoeff25,2025 Q1
2024 Q4,0.3498011904259402,Q,2,Core goods inflation,AR(1)-FixedCoeff25,2025 Q2
2025 Q1,0.2847623813690081,Q,1,Core goods inflation,AR(1)-FixedCoeff25,2025 Q2
2019 Q4,0.09297761571037264,Q,1,Core goods inflation,OLS-FixedCoeff19,2020 Q1
2019 Q4,0.06730436140637551,Q,2,Core goods inflation,OLS-FixedCoeff19,2020 Q2
2019 Q4,-0.06989446179024963,Q,3,Core goods inflation,OLS-FixedCoeff19,2020 Q3
2019 Q4,0.08958499345211515,Q,4,Core goods inflation,OLS-FixedCoeff19,2020 Q4
2019 Q4,0.03595518710251075,Q,5,Core goods inflation,OLS-FixedCoeff19,2021 Q1
2019 Q4,0.10323690012644152,Q,6,Core goods inflation,OLS-FixedCoeff19,2021 Q2
2019 Q4,0.1050037666464977,Q,7,Core goods inflation,OLS-FixedCoeff19,2021 Q3
2019 Q4,0.2565895600077788,Q,8,Core goods inflation,OLS-FixedCoeff19,2021 Q4
2019 Q4,0.4296530804530907,Q,9,Core goods inflation,OLS-FixedCoeff19,2022 Q1
2019 Q4,0.07779610926187722,Q,10,Core goods inflation,OLS-FixedCoeff19,2022 Q2
2019 Q4,0.2322523081021481,Q,11,Core goods inflation,OLS-FixedCoeff19,2022 Q3
2019 Q4,0.05208219802431803,Q,12,Core goods inflation,OLS-FixedCoeff19,2022 Q4
2020 Q1,0.24756805593755732,Q,1,Core goods inflation,OLS-FixedCoeff19,2020 Q2
2020 Q1,0.0586193711512086,Q,2,Core goods inflation,OLS-FixedCoeff19,2020 Q3
2020 Q1,0.18120524621714515,Q,3,Core goods inflation,OLS-FixedCoeff19,2020 Q4
2020 Q1,0.10127321960218585,Q,4,Core goods inflation,OLS-FixedCoeff19,2021 Q1
2020 Q1,0.14980351876010073,Q,5,Core goods inflation,OLS-FixedCoeff19,2021 Q2
2020 Q1,0.1382021023585148,Q,6,Core goods inflation,OLS-FixedCoeff19,2021 Q3
2020 Q1,0.28025736167313636,Q,7,Core goods inflation,OLS-FixedCoeff19,2021 Q4
2020 Q1,0.4465263611057691,Q,8,Core goods inflation,OLS-FixedCoeff19,2022 Q1
2020 Q1,0.08982543095425802,Q,9,Core goods inflation,OLS-FixedCoeff19,2022 Q2
2020 Q1,0.24082826812778857,Q,10,Core goods inflation,OLS-FixedCoeff19,2022 Q3
2020 Q1,0.05819618285589563,Q,11,Core goods inflation,OLS-FixedCoeff19,2022 Q4
2020 Q1,0.3974863480156616,Q,12,Core goods inflation,OLS-FixedCoeff19,2023 Q1
2020 Q2,-0.20020841619065075,Q,1,Core goods inflation,OLS-FixedCoeff19,2020 Q3
2020 Q2,-0.003318604298440494,Q,2,Core goods inflation,OLS-FixedCoeff19,2020 Q4
2020 Q2,-0.03027776941170337,Q,3,Core goods inflation,OLS-FixedCoeff19,2021 Q1
2020 Q2,0.056018012647053875,Q,4,Core goods inflation,OLS-FixedCoeff19,2021 Q2
2020 Q2,0.07134041456115667,Q,5,Core goods inflation,OLS-FixedCoeff19,2021 Q3
2020 Q2,0.23259023825085862,Q,6,Core goods inflation,OLS-FixedCoeff19,2021 Q4
2020 Q2,0.4125434520556563,Q,7,Core goods inflation,OLS-FixedCoeff19,2022 Q1
2020 Q2,0.06559829022085026,Q,8,Core goods inflation,OLS-FixedCoeff19,2022 Q2
2020 Q2,0.22355622272252929,Q,9,Core goods inflation,OLS-FixedCoeff19,2022 Q3
2020 Q2,0.04588257326555846,Q,10,Core goods inflation,OLS-FixedCoeff19,2022 Q4
2020 Q2,0.38870771308357216,Q,11,Core goods inflation,OLS-FixedCoeff19,2023 Q1
2020 Q2,0.3920931408397621,Q,12,Core goods inflation,OLS-FixedCoeff19,2023 Q2
2020 Q3,0.6525846518362378,Q,1,Core goods inflation,OLS-FixedCoeff19,2020 Q4
2020 Q3,0.43732965261453094,Q,2,Core goods inflation,OLS-FixedCoeff19,2021 Q1
2020 Q3,0.3893853180978496,Q,3,Core goods inflation,OLS-FixedCoeff19,2021 Q2
2020 Q3,0.3090050774999095,Q,4,Core goods inflation,OLS-FixedCoeff19,2021 Q3
2020 Q3,0.4020264459599796,Q,5,Core goods inflation,OLS-FixedCoeff19,2021 Q4
2020 Q3,0.5333381386862335,Q,6,Core goods inflation,OLS-FixedCoeff19,2022 Q1
2020 Q3,0.15171539892779792,Q,7,Core goods inflation,OLS-FixedCoeff19,2022 Q2
2020 Q3,0.2849509464385223,Q,8,Core goods inflation,OLS-FixedCoeff19,2022 Q3
2020 Q3,0.0896521813812919,Q,9,Core goods inflation,OLS-FixedCoeff19,2022 Q4
2020 Q3,0.41991200033579784,Q,10,Core goods inflation,OLS-FixedCoeff19,2023 Q1
2020 Q3,0.4143393428241341,Q,11,Core goods inflation,OLS-FixedCoeff19,2023 Q2
2020 Q3,0.5543423096467877,Q,12,Core goods inflation,OLS-FixedCoeff19,2023 Q3
2020 Q4,0.13479301731430857,Q,1,Core goods inflation,OLS-FixedCoeff19,2021 Q1
2020 Q4,0.17370049754227065,Q,2,Core goods inflation,OLS-FixedCoeff19,2021 Q2
2020 Q4,0.15523876826622549,Q,3,Core goods inflation,OLS-FixedCoeff19,2021 Q3
2020 Q4,0.2924031641989147,Q,4,Core goods inflation,OLS-FixedCoeff19,2021 Q4
2020 Q4,0.45518536280213023,Q,5,Core goods inflation,OLS-FixedCoeff19,2022 Q1
2020 Q4,0.09599861796421064,Q,6,Core goods inflation,OLS-FixedCoeff19,2022 Q2
2020 Q4,0.24522926482419324,Q,7,Core goods inflation,OLS-FixedCoeff19,2022 Q3
2020 Q4,0.06133374727611131,Q,8,Core goods inflation,OLS-FixedCoeff19,2022 Q4
2020 Q4,0.39972318461657186,Q,9,Core goods inflation,OLS-FixedCoeff19,2023 Q1
2020 Q4,0.3999463054608746,Q,10,Core goods inflation,OLS-FixedCoeff19,2023 Q2
2020 Q4,0.5440812063002004,Q,11,Core goods inflation,OLS-FixedCoeff19,2023 Q3
2020 Q4,0.44028079042884016,Q,12,Core goods inflation,OLS-FixedCoeff19,2023 Q4
2021 Q1,0.026060069210566743,Q,1,Core goods inflation,OLS-FixedCoeff19,2021 Q2
2021 Q1,0.04998275766812993,Q,2,Core goods inflation,OLS-FixedCoeff19,2021 Q3
2021 Q1,0.21736390908285946,Q,3,Core goods inflation,OLS-FixedCoeff19,2021 Q4
2021 Q1,0.4016882772069603,Q,4,Core goods inflation,OLS-FixedCoeff19,2022 Q1
2021 Q1,0.057859404525182206,Q,5,Core goods inflation,OLS-FixedCoeff19,2022 Q2
2021 Q1,0.21803900603598186,Q,6,Core goods inflation,OLS-FixedCoeff19,2022 Q3
2021 Q1,0.041949231804867745,Q,7,Core goods inflation,OLS-FixedCoeff19,2022 Q4
2021 Q1,0.38590355005620514,Q,8,Core goods inflation,OLS-FixedCoeff19,2023 Q1
2021 Q1,0.3900939932034236,Q,9,Core goods inflation,OLS-FixedCoeff19,2023 Q2
2021 Q1,0.5370572827373661,Q,10,Core goods inflation,OLS-FixedCoeff19,2023 Q3
2021 Q1,0.43527328549727157,Q,11,Core goods inflation,OLS-FixedCoeff19,2023 Q4
2021 Q1,0.24746196472033016,Q,12,Core goods inflation,OLS-FixedCoeff19,2024 Q1
2021 Q2,0.7805479834229433,Q,1,Core goods inflation,OLS-FixedCoeff19,2021 Q3
2021 Q2,0.7381994418265434,Q,2,Core goods inflation,OLS-FixedCoeff19,2021 Q4
2021 Q2,0.7730030381690959,Q,3,Core goods inflation,OLS-FixedCoeff19,2022 Q1
2021 Q2,0.32257761793520967,Q,4,Core goods inflation,OLS-FixedCoeff19,2022 Q2
2021 Q2,0.40676226694114886,Q,5,Core goods inflation,OLS-FixedCoeff19,2022 Q3
2021 Q2,0.17649407006090667,Q,6,Core goods inflation,OLS-FixedCoeff19,2022 Q4
2021 Q2,0.4818234351542061,Q,7,Core goods inflation,OLS-FixedCoeff19,2023 Q1
2021 Q2,0.4584773253064725,Q,8,Core goods inflation,OLS-FixedCoeff19,2023 Q2
2021 Q2,0.5858092188425662,Q,9,Core goods inflation,OLS-FixedCoeff19,2023 Q3
2021 Q2,0.4700295806486093,Q,10,Core goods inflation,OLS-FixedCoeff19,2023 Q4
2021 Q2,0.2722404689019938,Q,11,Core goods inflation,OLS-FixedCoeff19,2024 Q1
2021 Q2,0.5587755745298093,Q,12,Core goods inflation,OLS-FixedCoeff19,2024 Q2
2021 Q3,1.414251163893027,Q,1,Core goods inflation,OLS-FixedCoeff19,2021 Q4
2021 Q3,1.2549747313344575,Q,2,Core goods inflation,OLS-FixedCoeff19,2022 Q1
2021 Q3,0.6661855186778116,Q,3,Core goods inflation,OLS-FixedCoeff19,2022 Q2
2021 Q3,0.6517276687001894,Q,4,Core goods inflation,OLS-FixedCoeff19,2022 Q3
2021 Q3,0.35113513020323556,Q,5,Core goods inflation,OLS-FixedCoeff19,2022 Q4
2021 Q3,0.6063287721063904,Q,6,Core goods inflation,OLS-FixedCoeff19,2023 Q1
2021 Q3,0.5472398357776267,Q,7,Core goods inflation,OLS-FixedCoeff19,2023 Q2
2021 Q3,0.6490899059039374,Q,8,Core goods inflation,OLS-FixedCoeff19,2023 Q3
2021 Q3,0.5151437322617562,Q,9,Core goods inflation,OLS-FixedCoeff19,2023 Q4
2021 Q3,0.3044033098932767,Q,10,Core goods inflation,OLS-FixedCoeff19,2024 Q1
2021 Q3,0.5817051499211614,Q,11,Core goods inflation,OLS-FixedCoeff19,2024 Q2
2021 Q3,0.3955102719219729,Q,12,Core goods inflation,OLS-FixedCoeff19,2024 Q3
2021 Q4,1.525289754901767,Q,1,Core goods inflation,OLS-FixedCoeff19,2022 Q1
2021 Q4,0.8588988649267225,Q,2,Core goods inflation,OLS-FixedCoeff19,2022 Q2
2021 Q4,0.7891171239081979,Q,3,Core goods inflation,OLS-FixedCoeff19,2022 Q3
2021 Q4,0.4490830034033256,Q,4,Core goods inflation,OLS-FixedCoeff19,2022 Q4
2021 Q4,0.6761579001853675,Q,5,Core goods inflation,OLS-FixedCoeff19,2023 Q1
2021 Q4,0.5970225106735805,Q,6,Core goods inflation,OLS-FixedCoeff19,2023 Q2
2021 Q4,0.6845810367253512,Q,7,Core goods inflation,OLS-FixedCoeff19,2023 Q3
2021 Q4,0.5404461164670108,Q,8,Core goods inflation,OLS-FixedCoeff19,2023 Q4
2021 Q4,0.32244191930506927,Q,9,Core goods inflation,OLS-FixedCoeff19,2024 Q1
2021 Q4,0.5945652593429304,Q,10,Core goods inflation,OLS-FixedCoeff19,2024 Q2
2021 Q4,0.4046785182409909,Q,11,Core goods inflation,OLS-FixedCoeff19,2024 Q3
2021 Q4,0.34677341303536635,Q,12,Core goods inflation,OLS-FixedCoeff19,2024 Q4
2022 Q1,1.3594242078885816,Q,1,Core goods inflation,OLS-FixedCoeff19,2022 Q2
2022 Q1,1.1459523173488808,Q,2,Core goods inflation,OLS-FixedCoeff19,2022 Q3
2022 Q1,0.7034784242712606,Q,3,Core goods inflation,OLS-FixedCoeff19,2022 Q4
2022 Q1,0.8575218220972115,Q,4,Core goods inflation,OLS-FixedCoeff19,2023 Q1
2022 Q1,0.7263207191830852,Q,5,Core goods inflation,OLS-FixedCoeff19,2023 Q2
2022 Q1,0.7767604875639447,Q,6,Core goods inflation,OLS-FixedCoeff19,2023 Q3
2022 Q1,0.6061628132012897,Q,7,Core goods inflation,OLS-FixedCoeff19,2023 Q4
2022 Q1,0.3692927541752749,Q,8,Core goods inflation,OLS-FixedCoeff19,2024 Q1
2022 Q1,0.6279662188724486,Q,9,Core goods inflation,OLS-FixedCoeff19,2024 Q2
2022 Q1,0.42849077474790725,Q,10,Core goods inflation,OLS-FixedCoeff19,2024 Q3
2022 Q1,0.3637496786258824,Q,11,Core goods inflation,OLS-FixedCoeff19,2024 Q4
2022 Q1,0.22835225458659783,Q,12,Core goods inflation,OLS-FixedCoeff19,2025 Q1
2022 Q2,0.9808563655163951,Q,1,Core goods inflation,OLS-FixedCoeff19,2022 Q3
2022 Q2,0.5857779986348549,Q,2,Core goods inflation,OLS-FixedCoeff19,2022 Q4
2022 Q2,0.7736106780550646,Q,3,Core goods inflation,OLS-FixedCoeff19,2023 Q1
2022 Q2,0.6664986747309021,Q,4,Core goods inflation,OLS-FixedCoeff19,2023 Q2
2022 Q2,0.7341120760413766,Q,5,Core goods inflation,OLS-FixedCoeff19,2023 Q3
2022 Q2,0.5757578509159872,Q,6,Core goods inflation,OLS-FixedCoeff19,2023 Q4
2022 Q2,0.3476164080098034,Q,7,Core goods inflation,OLS-FixedCoeff19,2024 Q1
2022 Q2,0.6125126893243302,Q,8,Core goods inflation,OLS-FixedCoeff19,2024 Q2
2022 Q2,0.4174736239019323,Q,9,Core goods inflation,OLS-FixedCoeff19,2024 Q3
2022 Q2,0.3558953167867293,Q,10,Core goods inflation,OLS-FixedCoeff19,2024 Q4
2022 Q2,0.2227527124941989,Q,11,Core goods inflation,OLS-FixedCoeff19,2025 Q1
2022 Q2,0.21941508175887142,Q,12,Core goods inflation,OLS-FixedCoeff19,2025 Q2
2022 Q3,0.8476923827655318,Q,1,Core goods inflation,OLS-FixedCoeff19,2022 Q4
2022 Q3,0.960335029259973,Q,2,Core goods inflation,OLS-FixedCoeff19,2023 Q1
2022 Q3,0.7996184476239339,Q,3,Core goods inflation,OLS-FixedCoeff19,2023 Q2
2022 Q3,0.8290160016447691,Q,4,Core goods inflation,OLS-FixedCoeff19,2023 Q3
2022 Q3,0.6434168838244314,Q,5,Core goods inflation,OLS-FixedCoeff19,2023 Q4
2022 Q3,0.3958519757695242,Q,6,Core goods inflation,OLS-FixedCoeff19,2024 Q1
2022 Q3,0.6469008544677937,Q,7,Core goods inflation,OLS-FixedCoeff19,2024 Q2
2022 Q3,0.4419896803485946,Q,8,Core goods inflation,OLS-FixedCoeff19,2024 Q3
2022 Q3,0.373373336366677,Q,9,Core goods inflation,OLS-FixedCoeff19,2024 Q4
2022 Q3,0.23521316546719842,Q,10,Core goods inflation,OLS-FixedCoeff19,2025 Q1
2022 Q3,0.22829840447069988,Q,11,Core goods inflation,OLS-FixedCoeff19,2025 Q2
2022 Q4,1.3891574620126892,Q,1,Core goods inflation,OLS-FixedCoeff19,2023 Q1
2022 Q4,1.1053351069194055,Q,2,Core goods inflation,OLS-FixedCoeff19,2023 Q2
2022 Q4,1.0469679291379828,Q,3,Core goods inflation,OLS-FixedCoeff19,2023 Q3
2022 Q4,0.7987994619524225,Q,4,Core goods inflation,OLS-FixedCoeff19,2023 Q4
2022 Q4,0.5066275301011233,Q,5,Core goods inflation,OLS-FixedCoeff19,2024 Q1
2022 Q4,0.7258751100459517,Q,6,Core goods inflation,OLS-FixedCoeff19,2024 Q2
2022 Q4,0.4982921117086254,Q,7,Core goods inflation,OLS-FixedCoeff19,2024 Q3
2022 Q4,0.4135125406408317,Q,8,Core goods inflation,OLS-FixedCoeff19,2024 Q4
2022 Q4,0.26382926038252524,Q,9,Core goods inflation,OLS-FixedCoeff19,2025 Q1
2022 Q4,0.2486994289307255,Q,10,Core goods inflation,OLS-FixedCoeff19,2025 Q2
2023 Q1,1.2722593277380765,Q,1,Core goods inflation,OLS-FixedCoeff19,2023 Q2
2023 Q1,1.1659717667324851,Q,2,Core goods inflation,OLS-FixedCoeff19,2023 Q3
2023 Q1,0.8836398361818923,Q,3,Core goods inflation,OLS-FixedCoeff19,2023 Q4
2023 Q1,0.5671120425747699,Q,4,Core goods inflation,OLS-FixedCoeff19,2024 Q1
2023 Q1,0.7689958091517786,Q,5,Core goods inflation,OLS-FixedCoeff19,2024 Q2
2023 Q1,0.5290337778861515,Q,6,Core goods inflation,OLS-FixedCoeff19,2024 Q3
2023 Q1,0.4354289301931232,Q,7,Core goods inflation,OLS-FixedCoeff19,2024 Q4
2023 Q1,0.2794539219813471,Q,8,Core goods inflation,OLS-FixedCoeff19,2025 Q1
2023 Q1,0.2598385834659748,Q,9,Core goods inflation,OLS-FixedCoeff19,2025 Q2
2023 Q2,1.595785963903843,Q,1,Core goods inflation,OLS-FixedCoeff19,2023 Q3
2023 Q2,1.1900635454862194,Q,2,Core goods inflation,OLS-FixedCoeff19,2023 Q4
2023 Q2,0.7855680411010089,Q,3,Core goods inflation,OLS-FixedCoeff19,2024 Q1
2023 Q2,0.9247377502712877,Q,4,Core goods inflation,OLS-FixedCoeff19,2024 Q2
2023 Q2,0.640065529759787,Q,5,Core goods inflation,OLS-FixedCoeff19,2024 Q3
2023 Q2,0.5145858344638142,Q,6,Core goods inflation,OLS-FixedCoeff19,2024 Q4
2023 Q2,0.335886567490268,Q,7,Core goods inflation,OLS-FixedCoeff19,2025 Q1
2023 Q2,0.3000706201844028,Q,8,Core goods inflation,OLS-FixedCoeff19,2025 Q2
2023 Q3,0.19445210239203367,Q,1,Core goods inflation,OLS-FixedCoeff19,2023 Q4
2023 Q3,0.07577540645444839,Q,2,Core goods inflation,OLS-FixedCoeff19,2024 Q1
2023 Q3,0.4187114408179067,Q,3,Core goods inflation,OLS-FixedCoeff19,2024 Q2
2023 Q3,0.2793085799690715,Q,4,Core goods inflation,OLS-FixedCoeff19,2024 Q3
2023 Q3,0.25739450984101636,Q,5,Core goods inflation,OLS-FixedCoeff19,2024 Q4
2023 Q3,0.15252938615362793,Q,6,Core goods inflation,OLS-FixedCoeff19,2025 Q1
2023 Q3,0.1693513745137913,Q,7,Core goods inflation,OLS-FixedCoeff19,2025 Q2
2023 Q4,-0.16024545591764647,Q,1,Core goods inflation,OLS-FixedCoeff19,2024 Q1
2023 Q4,0.2504471335958026,Q,2,Core goods inflation,OLS-FixedCoeff19,2024 Q2
2023 Q4,0.15934936619288242,Q,3,Core goods inflation,OLS-FixedCoeff19,2024 Q3
2023 Q4,0.17187302755299455,Q,4,Core goods inflation,OLS-FixedCoeff19,2024 Q4
2023 Q4,0.09155929721668143,Q,5,Core goods inflation,OLS-FixedCoeff19,2025 Q1
2023 Q4,0.12588449758970152,Q,6,Core goods inflation,OLS-FixedCoeff19,2025 Q2
2024 Q1,0.4020798451673097,Q,1,Core goods inflation,OLS-FixedCoeff19,2024 Q2
2024 Q1,0.26745156066993037,Q,2,Core goods inflation,OLS-FixedCoeff19,2024 Q3
2024 Q1,0.24894138786680825,Q,3,Core goods inflation,OLS-FixedCoeff19,2024 Q4
2024 Q1,0.14650297518911043,Q,4,Core goods inflation,OLS-FixedCoeff19,2025 Q1
2024 Q1,0.16505501759098004,Q,5,Core goods inflation,OLS-FixedCoeff19,2025 Q2
2024 Q2,-0.023819752639316398,Q,1,Core goods inflation,OLS-FixedCoeff19,2024 Q3
2024 Q2,0.04128785565326173,Q,2,Core goods inflation,OLS-FixedCoeff19,2024 Q4
2024 Q2,-0.0015376572743458009,Q,3,Core goods inflation,OLS-FixedCoeff19,2025 Q1
2024 Q2,0.05951369293081415,Q,4,Core goods inflation,OLS-FixedCoeff19,2025 Q2
2024 Q3,0.26562292291396616,Q,1,Core goods inflation,OLS-FixedCoeff19,2024 Q4
2024 Q3,0.15839559734929087,Q,2,Core goods inflation,OLS-FixedCoeff19,2025 Q1
2024 Q3,0.173533521604249,Q,3,Core goods inflation,OLS-FixedCoeff19,2025 Q2
2024 Q4,0.3877687553825001,Q,1,Core goods inflation,OLS-FixedCoeff19,2025 Q1
2024 Q4,0.33705853860447216,Q,2,Core goods inflation,OLS-FixedCoeff19,2025 Q2
2025 Q1,0.3236765340280798,Q,1,Core goods inflation,OLS-FixedCoeff19,2025 Q2
2019 Q4,0.08963981687950517,Q,1,Core goods inflation,AR(1)-FixedCoeff19,2020 Q1
2019 Q4,0.06392391462743445,Q,2,Core goods inflation,AR(1)-FixedCoeff19,2020 Q2
2019 Q4,0.04558539947474829,Q,3,Core goods inflation,AR(1)-FixedCoeff19,2020 Q3
2019 Q4,0.03250784401086329,Q,4,Core goods inflation,AR(1)-FixedCoeff19,2020 Q4
2019 Q4,0.023181982266493137,Q,5,Core goods inflation,AR(1)-FixedCoeff19,2021 Q1
2019 Q4,0.016531527025428556,Q,6,Core goods inflation,AR(1)-FixedCoeff19,2021 Q2
2019 Q4,0.011788956727289265,Q,7,Core goods inflation,AR(1)-FixedCoeff19,2021 Q3
2019 Q4,0.008406936667382424,Q,8,Core goods inflation,AR(1)-FixedCoeff19,2021 Q4
2019 Q4,0.005995151713957505,Q,9,Core goods inflation,AR(1)-FixedCoeff19,2022 Q1
2019 Q4,0.004275260477792849,Q,10,Core goods inflation,AR(1)-FixedCoeff19,2022 Q2
2019 Q4,0.0030487722454836776,Q,11,Core goods inflation,AR(1)-FixedCoeff19,2022 Q3
2019 Q4,0.0021741393894273878,Q,12,Core goods inflation,AR(1)-FixedCoeff19,2022 Q4
2020 Q1,0.24661800400678036,Q,1,Core goods inflation,AR(1)-FixedCoeff19,2020 Q2
2020 Q1,0.17586814411846596,Q,2,Core goods inflation,AR(1)-FixedCoeff19,2020 Q3
2020 Q1,0.1254150289644837,Q,3,Core goods inflation,AR(1)-FixedCoeff19,2020 Q4
2020 Q1,0.0894359212636438,Q,4,Core goods inflation,AR(1)-FixedCoeff19,2021 Q1
2020 Q1,0.06377851265769648,Q,5,Core goods inflation,AR(1)-FixedCoeff19,2021 Q2
2020 Q1,0.04548171047332289,Q,6,Core goods inflation,AR(1)-FixedCoeff19,2021 Q3
2020 Q1,0.03243390134670289,Q,7,Core goods inflation,AR(1)-FixedCoeff19,2021 Q4
2020 Q1,0.023129252299881668,Q,8,Core goods inflation,AR(1)-FixedCoeff19,2022 Q1
2020 Q1,0.016493924250218627,Q,9,Core goods inflation,AR(1)-FixedCoeff19,2022 Q2
2020 Q1,0.011762141449481355,Q,10,Core goods inflation,AR(1)-FixedCoeff19,2022 Q3
2020 Q1,0.008387814165920736,Q,11,Core goods inflation,AR(1)-FixedCoeff19,2022 Q4
2020 Q1,0.005981515082453192,Q,12,Core goods inflation,AR(1)-FixedCoeff19,2023 Q1
2020 Q2,-0.0823541420437854,Q,1,Core goods inflation,AR(1)-FixedCoeff19,2020 Q3
2020 Q2,-0.05872835675578198,Q,2,Core goods inflation,AR(1)-FixedCoeff19,2020 Q4
2020 Q2,-0.0418803450760334,Q,3,Core goods inflation,AR(1)-FixedCoeff19,2021 Q1
2020 Q2,-0.029865696923572653,Q,4,Core goods inflation,AR(1)-FixedCoeff19,2021 Q2
2020 Q2,-0.021297815266597055,Q,5,Core goods inflation,AR(1)-FixedCoeff19,2021 Q3
2020 Q2,-0.015187890518371789,Q,6,Core goods inflation,AR(1)-FixedCoeff19,2021 Q4
2020 Q2,-0.010830783134823586,Q,7,Core goods inflation,AR(1)-FixedCoeff19,2022 Q1
2020 Q2,-0.007723644252747403,Q,8,Core goods inflation,AR(1)-FixedCoeff19,2022 Q2
2020 Q2,-0.00550788246799936,Q,9,Core goods inflation,AR(1)-FixedCoeff19,2022 Q3
2020 Q2,-0.0039277792048104145,Q,10,Core goods inflation,AR(1)-FixedCoeff19,2022 Q4
2020 Q2,-0.0028009765225336914,Q,11,Core goods inflation,AR(1)-FixedCoeff19,2023 Q1
2020 Q2,-0.001997431390791126,Q,12,Core goods inflation,AR(1)-FixedCoeff19,2023 Q2
2020 Q3,0.5133131570652186,Q,1,Core goods inflation,AR(1)-FixedCoeff19,2020 Q4
2020 Q3,0.36605369769422286,Q,2,Core goods inflation,AR(1)-FixedCoeff19,2021 Q1
2020 Q3,0.26104008391623756,Q,3,Core goods inflation,AR(1)-FixedCoeff19,2021 Q2
2020 Q3,0.18615281266170305,Q,4,Core goods inflation,AR(1)-FixedCoeff19,2021 Q3
2020 Q3,0.13274922817210905,Q,5,Core goods inflation,AR(1)-FixedCoeff19,2021 Q4
2020 Q3,0.09466608281829142,Q,6,Core goods inflation,AR(1)-FixedCoeff19,2022 Q1
2020 Q3,0.06750824362263584,Q,7,Core goods inflation,AR(1)-FixedCoeff19,2022 Q2
2020 Q3,0.048141454904824445,Q,8,Core goods inflation,AR(1)-FixedCoeff19,2022 Q3
2020 Q3,0.03433061735850202,Q,9,Core goods inflation,AR(1)-FixedCoeff19,2022 Q4
2020 Q3,0.02448183775388494,Q,10,Core goods inflation,AR(1)-FixedCoeff19,2023 Q1
2020 Q3,0.017458479512577528,Q,11,Core goods inflation,AR(1)-FixedCoeff19,2023 Q2
2020 Q3,0.01244998475830197,Q,12,Core goods inflation,AR(1)-FixedCoeff19,2023 Q3
2020 Q4,0.16275014342714256,Q,1,Core goods inflation,AR(1)-FixedCoeff19,2021 Q1
2020 Q4,0.11606032493377402,Q,2,Core goods inflation,AR(1)-FixedCoeff19,2021 Q2
2020 Q4,0.08276489802150772,Q,3,Core goods inflation,AR(1)-FixedCoeff19,2021 Q3
2020 Q4,0.05902127491388046,Q,4,Core goods inflation,AR(1)-FixedCoeff19,2021 Q4
2020 Q4,0.04208923076972332,Q,5,Core goods inflation,AR(1)-FixedCoeff19,2022 Q1
2020 Q4,0.030014657415853394,Q,6,Core goods inflation,AR(1)-FixedCoeff19,2022 Q2
2020 Q4,0.02140404192036426,Q,7,Core goods inflation,AR(1)-FixedCoeff19,2022 Q3
2020 Q4,0.015263642832276006,Q,8,Core goods inflation,AR(1)-FixedCoeff19,2022 Q4
2020 Q4,0.010884803598222715,Q,9,Core goods inflation,AR(1)-FixedCoeff19,2023 Q1
2020 Q4,0.007762167306571822,Q,10,Core goods inflation,AR(1)-FixedCoeff19,2023 Q2
2020 Q4,0.005535354014568564,Q,11,Core goods inflation,AR(1)-FixedCoeff19,2023 Q3
2020 Q4,0.003947369704419912,Q,12,Core goods inflation,AR(1)-FixedCoeff19,2023 Q4
2021 Q1,-0.051557949252967784,Q,1,Core goods inflation,AR(1)-FixedCoeff19,2021 Q2
2021 Q1,-0.03676698660420672,Q,2,Core goods inflation,AR(1)-FixedCoeff19,2021 Q3
2021 Q1,-0.026219260531897576,Q,3,Core goods inflation,AR(1)-FixedCoeff19,2021 Q4
2021 Q1,-0.01869746983183188,Q,4,Core goods inflation,AR(1)-FixedCoeff19,2022 Q1
2021 Q1,-0.013333533098195346,Q,5,Core goods inflation,AR(1)-FixedCoeff19,2022 Q2
2021 Q1,-0.009508404424752722,Q,6,Core goods inflation,AR(1)-FixedCoeff19,2022 Q3
2021 Q1,-0.006780630012977869,Q,7,Core goods inflation,AR(1)-FixedCoeff19,2022 Q4
2021 Q1,-0.004835400485617432,Q,8,Core goods inflation,AR(1)-FixedCoeff19,2023 Q1
2021 Q1,-0.003448219090491409,Q,9,Core goods inflation,AR(1)-FixedCoeff19,2023 Q2
2021 Q1,-0.002458992782789353,Q,10,Core goods inflation,AR(1)-FixedCoeff19,2023 Q3
2021 Q1,-0.0017535560668067683,Q,11,Core goods inflation,AR(1)-FixedCoeff19,2023 Q4
2021 Q1,-0.001250495284474463,Q,12,Core goods inflation,AR(1)-FixedCoeff19,2024 Q1
2021 Q2,0.7493523983881086,Q,1,Core goods inflation,AR(1)-FixedCoeff19,2021 Q3
2021 Q2,0.5343779182951085,Q,2,Core goods inflation,AR(1)-FixedCoeff19,2021 Q4
2021 Q2,0.3810753928000574,Q,3,Core goods inflation,AR(1)-FixedCoeff19,2022 Q1
2021 Q2,0.27175234983703356,Q,4,Core goods inflation,AR(1)-FixedCoeff19,2022 Q2
2021 Q2,0.19379193996054406,Q,5,Core goods inflation,AR(1)-FixedCoeff19,2022 Q3
2021 Q2,0.13819683993971923,Q,6,Core goods inflation,AR(1)-FixedCoeff19,2022 Q4
2021 Q2,0.09855088180247742,Q,7,Core goods inflation,AR(1)-FixedCoeff19,2023 Q1
2021 Q2,0.07027857010538245,Q,8,Core goods inflation,AR(1)-FixedCoeff19,2023 Q2
2021 Q2,0.05011702915004252,Q,9,Core goods inflation,AR(1)-FixedCoeff19,2023 Q3
2021 Q2,0.03573943816813435,Q,10,Core goods inflation,AR(1)-FixedCoeff19,2023 Q4
2021 Q2,0.02548649555323482,Q,11,Core goods inflation,AR(1)-FixedCoeff19,2024 Q1
2021 Q2,0.018174920728446536,Q,12,Core goods inflation,AR(1)-FixedCoeff19,2024 Q2
2021 Q3,1.2328638859152388,Q,1,Core goods inflation,AR(1)-FixedCoeff19,2021 Q4
2021 Q3,0.8791794599093099,Q,2,Core goods inflation,AR(1)-FixedCoeff19,2022 Q1
2021 Q3,0.6269601466609654,Q,3,Core goods inflation,AR(1)-FixedCoeff19,2022 Q2
2021 Q3,0.4470975988698446,Q,4,Core goods inflation,AR(1)-FixedCoeff19,2022 Q3
2021 Q3,0.31883408216579395,Q,5,Core goods inflation,AR(1)-FixedCoeff19,2022 Q4
2021 Q3,0.2273668483290094,Q,6,Core goods inflation,AR(1)-FixedCoeff19,2023 Q1
2021 Q3,0.16213976676491249,Q,7,Core goods inflation,AR(1)-FixedCoeff19,2023 Q2
2021 Q3,0.11562505334347814,Q,8,Core goods inflation,AR(1)-FixedCoeff19,2023 Q3
2021 Q3,0.08245449729840915,Q,9,Core goods inflation,AR(1)-FixedCoeff19,2023 Q4
2021 Q3,0.05879992205959787,Q,10,Core goods inflation,AR(1)-FixedCoeff19,2024 Q1
2021 Q3,0.041931379700273684,Q,11,Core goods inflation,AR(1)-FixedCoeff19,2024 Q2
2021 Q3,0.029902090716828214,Q,12,Core goods inflation,AR(1)-FixedCoeff19,2024 Q3
2021 Q4,1.278920510218955,Q,1,Core goods inflation,AR(1)-FixedCoeff19,2022 Q1
2021 Q4,0.9120233436041649,Q,2,Core goods inflation,AR(1)-FixedCoeff19,2022 Q2
2021 Q4,0.6503817654284991,Q,3,Core goods inflation,AR(1)-FixedCoeff19,2022 Q3
2021 Q4,0.4638000153924564,Q,4,Core goods inflation,AR(1)-FixedCoeff19,2022 Q4
2021 Q4,0.33074490355109953,Q,5,Core goods inflation,AR(1)-FixedCoeff19,2023 Q1
2021 Q4,0.23586068907837596,Q,6,Core goods inflation,AR(1)-FixedCoeff19,2023 Q2
2021 Q4,0.1681968914871928,Q,7,Core goods inflation,AR(1)-FixedCoeff19,2023 Q3
2021 Q4,0.11994450799112921,Q,8,Core goods inflation,AR(1)-FixedCoeff19,2023 Q4
2021 Q4,0.08553478527472977,Q,9,Core goods inflation,AR(1)-FixedCoeff19,2024 Q1
2021 Q4,0.060996535935894755,Q,10,Core goods inflation,AR(1)-FixedCoeff19,2024 Q2
2021 Q4,0.043497828213734935,Q,11,Core goods inflation,AR(1)-FixedCoeff19,2024 Q3
2021 Q4,0.03101915592879054,Q,12,Core goods inflation,AR(1)-FixedCoeff19,2024 Q4
2022 Q1,1.5883786693513002,Q,1,Core goods inflation,AR(1)-FixedCoeff19,2022 Q2
2022 Q1,1.132704037003282,Q,2,Core goods inflation,AR(1)-FixedCoeff19,2022 Q3
2022 Q1,0.8077535037457546,Q,3,Core goods inflation,AR(1)-FixedCoeff19,2022 Q4
2022 Q1,0.5760248939694141,Q,4,Core goods inflation,AR(1)-FixedCoeff19,2023 Q1
2022 Q1,0.41077466941810054,Q,5,Core goods inflation,AR(1)-FixedCoeff19,2023 Q2
2022 Q1,0.2929314875139916,Q,6,Core goods inflation,AR(1)-FixedCoeff19,2023 Q3
2022 Q1,0.20889519915801,Q,7,Core goods inflation,AR(1)-FixedCoeff19,2023 Q4
2022 Q1,0.14896727081679934,Q,8,Core goods inflation,AR(1)-FixedCoeff19,2024 Q1
2022 Q1,0.10623148767444864,Q,9,Core goods inflation,AR(1)-FixedCoeff19,2024 Q2
2022 Q1,0.0757557610584478,Q,10,Core goods inflation,AR(1)-FixedCoeff19,2024 Q3
2022 Q1,0.05402292163253772,Q,11,Core goods inflation,AR(1)-FixedCoeff19,2024 Q4
2022 Q1,0.03852480683896267,Q,12,Core goods inflation,AR(1)-FixedCoeff19,2025 Q1
2022 Q2,0.8042902346579908,Q,1,Core goods inflation,AR(1)-FixedCoeff19,2022 Q3
2022 Q2,0.5735551687378729,Q,2,Core goods inflation,AR(1)-FixedCoeff19,2022 Q4
2022 Q2,0.40901345983122156,Q,3,Core goods inflation,AR(1)-FixedCoeff19,2023 Q1
2022 Q2,0.2916755343539801,Q,4,Core goods inflation,AR(1)-FixedCoeff19,2023 Q2
2022 Q2,0.2079995542830929,Q,5,Core goods inflation,AR(1)-FixedCoeff19,2023 Q3
2022 Q2,0.1483285688591898,Q,6,Core goods inflation,AR(1)-FixedCoeff19,2023 Q4
2022 Q2,0.10577601675949252,Q,7,Core goods inflation,AR(1)-FixedCoeff19,2024 Q1
2022 Q2,0.075430955800065,Q,8,Core goods inflation,AR(1)-FixedCoeff19,2024 Q2
2022 Q2,0.05379129662112885,Q,9,Core goods inflation,AR(1)-FixedCoeff19,2024 Q3
2022 Q2,0.03835963049244267,Q,10,Core goods inflation,AR(1)-FixedCoeff19,2024 Q4
2022 Q2,0.027355006180288976,Q,11,Core goods inflation,AR(1)-FixedCoeff19,2025 Q1
2022 Q2,0.01950739236841898,Q,12,Core goods inflation,AR(1)-FixedCoeff19,2025 Q2
2022 Q3,0.961455188024819,Q,1,Core goods inflation,AR(1)-FixedCoeff19,2022 Q4
2022 Q3,0.6856325849038452,Q,2,Core goods inflation,AR(1)-FixedCoeff19,2023 Q1
2022 Q3,0.48893806735566075,Q,3,Core goods inflation,AR(1)-FixedCoeff19,2023 Q2
2022 Q3,0.3486713423094019,Q,4,Core goods inflation,AR(1)-FixedCoeff19,2023 Q3
2022 Q3,0.2486443847690981,Q,5,Core goods inflation,AR(1)-FixedCoeff19,2023 Q4
2022 Q3,0.1773131960536701,Q,6,Core goods inflation,AR(1)-FixedCoeff19,2024 Q1
2022 Q3,0.12644552389133487,Q,7,Core goods inflation,AR(1)-FixedCoeff19,2024 Q2
2022 Q3,0.09017078744277252,Q,8,Core goods inflation,AR(1)-FixedCoeff19,2024 Q3
2022 Q3,0.06430256016841772,Q,9,Core goods inflation,AR(1)-FixedCoeff19,2024 Q4
2022 Q3,0.045855419049513915,Q,10,Core goods inflation,AR(1)-FixedCoeff19,2025 Q1
2022 Q3,0.03270040027487548,Q,11,Core goods inflation,AR(1)-FixedCoeff19,2025 Q2
2022 Q4,1.0334478138996224,Q,1,Core goods inflation,AR(1)-FixedCoeff19,2023 Q1
2022 Q4,0.7369719409002087,Q,2,Core goods inflation,AR(1)-FixedCoeff19,2023 Q2
2022 Q4,0.5255491708137419,Q,3,Core goods inflation,AR(1)-FixedCoeff19,2023 Q3
2022 Q4,0.37477943950706166,Q,4,Core goods inflation,AR(1)-FixedCoeff19,2023 Q4
2022 Q4,0.2672625818431881,Q,5,Core goods inflation,AR(1)-FixedCoeff19,2024 Q1
2022 Q4,0.19059019819079726,Q,6,Core goods inflation,AR(1)-FixedCoeff19,2024 Q2
2022 Q4,0.13591361497705,Q,7,Core goods inflation,AR(1)-FixedCoeff19,2024 Q3
2022 Q4,0.0969226692216208,Q,8,Core goods inflation,AR(1)-FixedCoeff19,2024 Q4
2022 Q4,0.06911745972344245,Q,9,Core goods inflation,AR(1)-FixedCoeff19,2025 Q1
2022 Q4,0.049289018523604816,Q,10,Core goods inflation,AR(1)-FixedCoeff19,2025 Q2
2023 Q1,1.1576061348514748,Q,1,Core goods inflation,AR(1)-FixedCoeff19,2023 Q2
2023 Q1,0.8255116789887013,Q,2,Core goods inflation,AR(1)-FixedCoeff19,2023 Q3
2023 Q1,0.5886885976413555,Q,3,Core goods inflation,AR(1)-FixedCoeff19,2023 Q4
2023 Q1,0.4198054053184256,Q,4,Core goods inflation,AR(1)-FixedCoeff19,2024 Q1
2023 Q1,0.2993714827171419,Q,5,Core goods inflation,AR(1)-FixedCoeff19,2024 Q2
2023 Q1,0.21348768626807,Q,6,Core goods inflation,AR(1)-FixedCoeff19,2024 Q3
2023 Q1,0.1522422636065067,Q,7,Core goods inflation,AR(1)-FixedCoeff19,2024 Q4
2023 Q1,0.10856694937866126,Q,8,Core goods inflation,AR(1)-FixedCoeff19,2025 Q1
2023 Q1,0.0774212246860276,Q,9,Core goods inflation,AR(1)-FixedCoeff19,2025 Q2
2023 Q2,1.3372068844002107,Q,1,Core goods inflation,AR(1)-FixedCoeff19,2023 Q3
2023 Q2,0.9535885022223902,Q,2,Core goods inflation,AR(1)-FixedCoeff19,2023 Q4
2023 Q2,0.6800226966963394,Q,3,Core goods inflation,AR(1)-FixedCoeff19,2024 Q1
2023 Q2,0.48493754585383647,Q,4,Core goods inflation,AR(1)-FixedCoeff19,2024 Q2
2023 Q2,0.3458184918256533,Q,5,Core goods inflation,AR(1)-FixedCoeff19,2024 Q3
2023 Q2,0.2466099610373638,Q,6,Core goods inflation,AR(1)-FixedCoeff19,2024 Q4
2023 Q2,0.17586240851894966,Q,7,Core goods inflation,AR(1)-FixedCoeff19,2025 Q1
2023 Q2,0.12541093879577764,Q,8,Core goods inflation,AR(1)-FixedCoeff19,2025 Q2
2023 Q3,0.14209792659727463,Q,1,Core goods inflation,AR(1)-FixedCoeff19,2023 Q4
2023 Q3,0.10133282334511806,Q,2,Core goods inflation,AR(1)-FixedCoeff19,2024 Q1
2023 Q3,0.07226242727801944,Q,3,Core goods inflation,AR(1)-FixedCoeff19,2024 Q2
2023 Q3,0.051531756677957244,Q,4,Core goods inflation,AR(1)-FixedCoeff19,2024 Q3
2023 Q3,0.036748308164344476,Q,5,Core goods inflation,AR(1)-FixedCoeff19,2024 Q4
2023 Q3,0.02620594056944459,Q,6,Core goods inflation,AR(1)-FixedCoeff19,2025 Q1
2023 Q3,0.018687971104900857,Q,7,Core goods inflation,AR(1)-FixedCoeff19,2025 Q2
2023 Q4,-0.09741890282529739,Q,1,Core goods inflation,AR(1)-FixedCoeff19,2024 Q1
2023 Q4,-0.06947133365604237,Q,2,Core goods inflation,AR(1)-FixedCoeff19,2024 Q2
2023 Q4,-0.04954137297772869,Q,3,Core goods inflation,AR(1)-FixedCoeff19,2024 Q3
2023 Q4,-0.03532892644137336,Q,4,Core goods inflation,AR(1)-FixedCoeff19,2024 Q4
2023 Q4,-0.025193751575295815,Q,5,Core goods inflation,AR(1)-FixedCoeff19,2025 Q1
2023 Q4,-0.017966159246050568,Q,6,Core goods inflation,AR(1)-FixedCoeff19,2025 Q2
2024 Q1,0.03740070899934811,Q,1,Core goods inflation,AR(1)-FixedCoeff19,2024 Q2
2024 Q1,0.02667118042302102,Q,2,Core goods inflation,AR(1)-FixedCoeff19,2024 Q3
2024 Q1,0.019019742785350367,Q,3,Core goods inflation,AR(1)-FixedCoeff19,2024 Q4
2024 Q1,0.01356335227325166,Q,4,Core goods inflation,AR(1)-FixedCoeff19,2025 Q1
2024 Q1,0.009672292993889303,Q,5,Core goods inflation,AR(1)-FixedCoeff19,2025 Q2
2024 Q2,-0.004621300309973046,Q,1,Core goods inflation,AR(1)-FixedCoeff19,2024 Q3
2024 Q2,-0.003295540048676682,Q,2,Core goods inflation,AR(1)-FixedCoeff19,2024 Q4
2024 Q2,-0.00235011435828875,Q,3,Core goods inflation,AR(1)-FixedCoeff19,2025 Q1
2024 Q2,-0.0016759127230915338,Q,4,Core goods inflation,AR(1)-FixedCoeff19,2025 Q2
2024 Q3,0.20741113814466958,Q,1,Core goods inflation,AR(1)-FixedCoeff19,2024 Q4
2024 Q3,0.14790895774989293,Q,2,Core goods inflation,AR(1)-FixedCoeff19,2025 Q1
2024 Q3,0.10547678383308581,Q,3,Core goods inflation,AR(1)-FixedCoeff19,2025 Q2
2024 Q4,0.4188578891919118,Q,1,Core goods inflation,AR(1)-FixedCoeff19,2025 Q1
2024 Q4,0.29869579035087124,Q,2,Core goods inflation,AR(1)-FixedCoeff19,2025 Q2
2025 Q1,0.26313979108271585,Q,1,Core goods inflation,AR(1)-FixedCoeff19,2025 Q2
2019 Q4,0.09297761571037264,Q,1,Core goods inflation,OLS-RollCoeff19-25,2020 Q1
2019 Q4,0.06730436140637551,Q,2,Core goods inflation,OLS-RollCoeff19-25,2020 Q2
2019 Q4,-0.06989446179024963,Q,3,Core goods inflation,OLS-RollCoeff19-25,2020 Q3
2019 Q4,0.08958499345211515,Q,4,Core goods inflation,OLS-RollCoeff19-25,2020 Q4
2019 Q4,0.03595518710251075,Q,5,Core goods inflation,OLS-RollCoeff19-25,2021 Q1
2019 Q4,0.10323690012644152,Q,6,Core goods inflation,OLS-RollCoeff19-25,2021 Q2
2019 Q4,0.1050037666464977,Q,7,Core goods inflation,OLS-RollCoeff19-25,2021 Q3
2019 Q4,0.2565895600077788,Q,8,Core goods inflation,OLS-RollCoeff19-25,2021 Q4
2019 Q4,0.4296530804530907,Q,9,Core goods inflation,OLS-RollCoeff19-25,2022 Q1
2019 Q4,0.07779610926187722,Q,10,Core goods inflation,OLS-RollCoeff19-25,2022 Q2
2019 Q4,0.2322523081021481,Q,11,Core goods inflation,OLS-RollCoeff19-25,2022 Q3
2019 Q4,0.05208219802431803,Q,12,Core goods inflation,OLS-RollCoeff19-25,2022 Q4
2020 Q1,0.24128015556449964,Q,1,Core goods inflation,OLS-RollCoeff19-25,2020 Q2
2020 Q1,0.05628105618162117,Q,2,Core goods inflation,OLS-RollCoeff19-25,2020 Q3
2020 Q1,0.1698572792922958,Q,3,Core goods inflation,OLS-RollCoeff19-25,2020 Q4
2020 Q1,0.09578942748089156,Q,4,Core goods inflation,OLS-RollCoeff19-25,2021 Q1
2020 Q1,0.14655964631767304,Q,5,Core goods inflation,OLS-RollCoeff19-25,2021 Q2
2020 Q1,0.1304583983613017,Q,6,Core goods inflation,OLS-RollCoeff19-25,2021 Q3
2020 Q1,0.2675579390625363,Q,7,Core goods inflation,OLS-RollCoeff19-25,2021 Q4
2020 Q1,0.4356231134483411,Q,8,Core goods inflation,OLS-RollCoeff19-25,2022 Q1
2020 Q1,0.10286175338050282,Q,9,Core goods inflation,OLS-RollCoeff19-25,2022 Q2
2020 Q1,0.249169450893432,Q,10,Core goods inflation,OLS-RollCoeff19-25,2022 Q3
2020 Q1,0.08971701034608298,Q,11,Core goods inflation,OLS-RollCoeff19-25,2022 Q4
2020 Q1,0.4205311571136086,Q,12,Core goods inflation,OLS-RollCoeff19-25,2023 Q1
2020 Q2,-0.18525837292873576,Q,1,Core goods inflation,OLS-RollCoeff19-25,2020 Q3
2020 Q2,-0.02322382822568948,Q,2,Core goods inflation,OLS-RollCoeff19-25,2020 Q4
2020 Q2,-0.017839160541712702,Q,3,Core goods inflation,OLS-RollCoeff19-25,2021 Q1
2020 Q2,0.08914739510074615,Q,4,Core goods inflation,OLS-RollCoeff19-25,2021 Q2
2020 Q2,0.0996948375617541,Q,5,Core goods inflation,OLS-RollCoeff19-25,2021 Q3
2020 Q2,0.2795247180789096,Q,6,Core goods inflation,OLS-RollCoeff19-25,2021 Q4
2020 Q2,0.4594871032274955,Q,7,Core goods inflation,OLS-RollCoeff19-25,2022 Q1
2020 Q2,0.24983210398185596,Q,8,Core goods inflation,OLS-RollCoeff19-25,2022 Q2
2020 Q2,0.36618709435129426,Q,9,Core goods inflation,OLS-RollCoeff19-25,2022 Q3
2020 Q2,0.24269933115899028,Q,10,Core goods inflation,OLS-RollCoeff19-25,2022 Q4
2020 Q2,0.5182353977716193,Q,11,Core goods inflation,OLS-RollCoeff19-25,2023 Q1
2020 Q2,0.45675936574357984,Q,12,Core goods inflation,OLS-RollCoeff19-25,2023 Q2
2020 Q3,0.5920645982491357,Q,1,Core goods inflation,OLS-RollCoeff19-25,2020 Q4
2020 Q3,0.4375308000487276,Q,2,Core goods inflation,OLS-RollCoeff19-25,2021 Q1
2020 Q3,0.4192843879806798,Q,3,Core goods inflation,OLS-RollCoeff19-25,2021 Q2
2020 Q3,0.3344351577504776,Q,4,Core goods inflation,OLS-RollCoeff19-25,2021 Q3
2020 Q3,0.44511852656255274,Q,5,Core goods inflation,OLS-RollCoeff19-25,2021 Q4
2020 Q3,0.5632060524733195,Q,6,Core goods inflation,OLS-RollCoeff19-25,2022 Q1
2020 Q3,0.416610059151037,Q,7,Core goods inflation,OLS-RollCoeff19-25,2022 Q2
2020 Q3,0.472001930058695,Q,8,Core goods inflation,OLS-RollCoeff19-25,2022 Q3
2020 Q3,0.37273993486341456,Q,9,Core goods inflation,OLS-RollCoeff19-25,2022 Q4
2020 Q3,0.5727034972517364,Q,10,Core goods inflation,OLS-RollCoeff19-25,2023 Q1
2020 Q3,0.47419648044645873,Q,11,Core goods inflation,OLS-RollCoeff19-25,2023 Q2
2020 Q3,0.5275381597991992,Q,12,Core goods inflation,OLS-RollCoeff19-25,2023 Q3
2020 Q4,0.18805678069839696,Q,1,Core goods inflation,OLS-RollCoeff19-25,2021 Q1
2020 Q4,0.24279232159823716,Q,2,Core goods inflation,OLS-RollCoeff19-25,2021 Q2
2020 Q4,0.1965744605485383,Q,3,Core goods inflation,OLS-RollCoeff19-25,2021 Q3
2020 Q4,0.32843010862990163,Q,4,Core goods inflation,OLS-RollCoeff19-25,2021 Q4
2020 Q4,0.46725559703488706,Q,5,Core goods inflation,OLS-RollCoeff19-25,2022 Q1
2020 Q4,0.4062414075958355,Q,6,Core goods inflation,OLS-RollCoeff19-25,2022 Q2
2020 Q4,0.4534782046939943,Q,7,Core goods inflation,OLS-RollCoeff19-25,2022 Q3
2020 Q4,0.41806913884182706,Q,8,Core goods inflation,OLS-RollCoeff19-25,2022 Q4
2020 Q4,0.5890288097572477,Q,9,Core goods inflation,OLS-RollCoeff19-25,2023 Q1
2020 Q4,0.4678071961219404,Q,10,Core goods inflation,OLS-RollCoeff19-25,2023 Q2
2020 Q4,0.5034182372825686,Q,11,Core goods inflation,OLS-RollCoeff19-25,2023 Q3
2020 Q4,0.3200433444219709,Q,12,Core goods inflation,OLS-RollCoeff19-25,2023 Q4
2021 Q1,0.05334979603461955,Q,1,Core goods inflation,OLS-RollCoeff19-25,2021 Q2
2021 Q1,0.06081874173861495,Q,2,Core goods inflation,OLS-RollCoeff19-25,2021 Q3
2021 Q1,0.2259474967013743,Q,3,Core goods inflation,OLS-RollCoeff19-25,2021 Q4
2021 Q1,0.393095104823542,Q,4,Core goods inflation,OLS-RollCoeff19-25,2022 Q1
2021 Q1,0.31613725890303557,Q,5,Core goods inflation,OLS-RollCoeff19-25,2022 Q2
2021 Q1,0.39082836697680917,Q,6,Core goods inflation,OLS-RollCoeff19-25,2022 Q3
2021 Q1,0.35288151087021663,Q,7,Core goods inflation,OLS-RollCoeff19-25,2022 Q4
2021 Q1,0.5508563099477587,Q,8,Core goods inflation,OLS-RollCoeff19-25,2023 Q1
2021 Q1,0.4450329204865209,Q,9,Core goods inflation,OLS-RollCoeff19-25,2023 Q2
2021 Q1,0.49632244597531316,Q,10,Core goods inflation,OLS-RollCoeff19-25,2023 Q3
2021 Q1,0.3239278905613241,Q,11,Core goods inflation,OLS-RollCoeff19-25,2023 Q4
2021 Q1,0.17193457887579502,Q,12,Core goods inflation,OLS-RollCoeff19-25,2024 Q1
2021 Q2,0.7852062957709854,Q,1,Core goods inflation,OLS-RollCoeff19-25,2021 Q3
2021 Q2,0.8100048265283315,Q,2,Core goods inflation,OLS-RollCoeff19-25,2021 Q4
2021 Q2,0.8441346439467179,Q,3,Core goods inflation,OLS-RollCoeff19-25,2022 Q1
2021 Q2,0.7705589523783445,Q,4,Core goods inflation,OLS-RollCoeff19-25,2022 Q2
2021 Q2,0.7428764944421903,Q,5,Core goods inflation,OLS-RollCoeff19-25,2022 Q3
2021 Q2,0.6413632284489645,Q,6,Core goods inflation,OLS-RollCoeff19-25,2022 Q4
2021 Q2,0.7578064057232564,Q,7,Core goods inflation,OLS-RollCoeff19-25,2023 Q1
2021 Q2,0.5690146417211336,Q,8,Core goods inflation,OLS-RollCoeff19-25,2023 Q2
2021 Q2,0.5600035337720068,Q,9,Core goods inflation,OLS-RollCoeff19-25,2023 Q3
2021 Q2,0.3459163825602296,Q,10,Core goods inflation,OLS-RollCoeff19-25,2023 Q4
2021 Q2,0.1869200035564541,Q,11,Core goods inflation,OLS-RollCoeff19-25,2024 Q1
2021 Q2,0.34944947048121777,Q,12,Core goods inflation,OLS-RollCoeff19-25,2024 Q2
2021 Q3,1.6034312072643229,Q,1,Core goods inflation,OLS-RollCoeff19-25,2021 Q4
2021 Q3,1.4790576862725826,Q,2,Core goods inflation,OLS-RollCoeff19-25,2022 Q1
2021 Q3,1.3227200669730832,Q,3,Core goods inflation,OLS-RollCoeff19-25,2022 Q2
2021 Q3,1.1998157113579742,Q,4,Core goods inflation,OLS-RollCoeff19-25,2022 Q3
2021 Q3,0.9543410750054933,Q,5,Core goods inflation,OLS-RollCoeff19-25,2022 Q4
2021 Q3,0.9972443103971013,Q,6,Core goods inflation,OLS-RollCoeff19-25,2023 Q1
2021 Q3,0.7540676291122317,Q,7,Core goods inflation,OLS-RollCoeff19-25,2023 Q2
2021 Q3,0.6890631711629354,Q,8,Core goods inflation,OLS-RollCoeff19-25,2023 Q3
2021 Q3,0.46665002246715137,Q,9,Core goods inflation,OLS-RollCoeff19-25,2023 Q4
2021 Q3,0.2871320528234238,Q,10,Core goods inflation,OLS-RollCoeff19-25,2024 Q1
2021 Q3,0.43525322872125816,Q,11,Core goods inflation,OLS-RollCoeff19-25,2024 Q2
2021 Q3,0.24753512547683434,Q,12,Core goods inflation,OLS-RollCoeff19-25,2024 Q3
2021 Q4,1.645878866505676,Q,1,Core goods inflation,OLS-RollCoeff19-25,2022 Q1
2021 Q4,1.4887718973368722,Q,2,Core goods inflation,OLS-RollCoeff19-25,2022 Q2
2021 Q4,1.3465345311801356,Q,3,Core goods inflation,OLS-RollCoeff19-25,2022 Q3
2021 Q4,1.067072935869517,Q,4,Core goods inflation,OLS-RollCoeff19-25,2022 Q4
2021 Q4,1.0901930025857434,Q,5,Core goods inflation,OLS-RollCoeff19-25,2023 Q1
2021 Q4,0.8240951281487956,Q,6,Core goods inflation,OLS-RollCoeff19-25,2023 Q2
2021 Q4,0.7398139107706779,Q,7,Core goods inflation,OLS-RollCoeff19-25,2023 Q3
2021 Q4,0.5092472126335967,Q,8,Core goods inflation,OLS-RollCoeff19-25,2023 Q4
2021 Q4,0.3207057006734652,Q,9,Core goods inflation,OLS-RollCoeff19-25,2024 Q1
2021 Q4,0.46503618993380963,Q,10,Core goods inflation,OLS-RollCoeff19-25,2024 Q2
2021 Q4,0.2641680701859042,Q,11,Core goods inflation,OLS-RollCoeff19-25,2024 Q3
2021 Q4,0.27345805492220054,Q,12,Core goods inflation,OLS-RollCoeff19-25,2024 Q4
2022 Q1,1.9972117232379845,Q,1,Core goods inflation,OLS-RollCoeff19-25,2022 Q2
2022 Q1,1.791314357627285,Q,2,Core goods inflation,OLS-RollCoeff19-25,2022 Q3
2022 Q1,1.4363466830310743,Q,3,Core goods inflation,OLS-RollCoeff19-25,2022 Q4
2022 Q1,1.4181441764006864,Q,4,Core goods inflation,OLS-RollCoeff19-25,2023 Q1
2022 Q1,1.0932916758582343,Q,5,Core goods inflation,OLS-RollCoeff19-25,2023 Q2
2022 Q1,0.9681871668500257,Q,6,Core goods inflation,OLS-RollCoeff19-25,2023 Q3
2022 Q1,0.6979367537549979,Q,7,Core goods inflation,OLS-RollCoeff19-25,2023 Q4
2022 Q1,0.46792384840822343,Q,8,Core goods inflation,OLS-RollCoeff19-25,2024 Q1
2022 Q1,0.60280203913644,Q,9,Core goods inflation,OLS-RollCoeff19-25,2024 Q2
2022 Q1,0.3681094921870107,Q,10,Core goods inflation,OLS-RollCoeff19-25,2024 Q3
2022 Q1,0.36417835803902954,Q,11,Core goods inflation,OLS-RollCoeff19-25,2024 Q4
2022 Q1,0.2820049332118339,Q,12,Core goods inflation,OLS-RollCoeff19-25,2025 Q1
2022 Q2,1.081140001325522,Q,1,Core goods inflation,OLS-RollCoeff19-25,2022 Q3
2022 Q2,0.6414382611455367,Q,2,Core goods inflation,OLS-RollCoeff19-25,2022 Q4
2022 Q2,0.8527782999884551,Q,3,Core goods inflation,OLS-RollCoeff19-25,2023 Q1
2022 Q2,0.7257454172324126,Q,4,Core goods inflation,OLS-RollCoeff19-25,2023 Q2
2022 Q2,0.772336546440856,Q,5,Core goods inflation,OLS-RollCoeff19-25,2023 Q3
2022 Q2,0.6199152171122047,Q,6,Core goods inflation,OLS-RollCoeff19-25,2023 Q4
2022 Q2,0.3900769429330929,Q,7,Core goods inflation,OLS-RollCoeff19-25,2024 Q1
2022 Q2,0.6825175182402868,Q,8,Core goods inflation,OLS-RollCoeff19-25,2024 Q2
2022 Q2,0.4390270936987368,Q,9,Core goods inflation,OLS-RollCoeff19-25,2024 Q3
2022 Q2,0.3934115485173818,Q,10,Core goods inflation,OLS-RollCoeff19-25,2024 Q4
2022 Q2,0.3120361632537086,Q,11,Core goods inflation,OLS-RollCoeff19-25,2025 Q1
2022 Q2,0.28846693066509715,Q,12,Core goods inflation,OLS-RollCoeff19-25,2025 Q2
2022 Q3,0.8375081774560427,Q,1,Core goods inflation,OLS-RollCoeff19-25,2022 Q4
2022 Q3,1.0128474054046177,Q,2,Core goods inflation,OLS-RollCoeff19-25,2023 Q1
2022 Q3,0.8458948705415874,Q,3,Core goods inflation,OLS-RollCoeff19-25,2023 Q2
2022 Q3,0.8682757229221336,Q,4,Core goods inflation,OLS-RollCoeff19-25,2023 Q3
2022 Q3,0.6977184826989645,Q,5,Core goods inflation,OLS-RollCoeff19-25,2023 Q4
2022 Q3,0.4453980754992863,Q,6,Core goods inflation,OLS-RollCoeff19-25,2024 Q1
2022 Q3,0.7379196700500156,Q,7,Core goods inflation,OLS-RollCoeff19-25,2024 Q2
2022 Q3,0.4776600554766878,Q,8,Core goods inflation,OLS-RollCoeff19-25,2024 Q3
2022 Q3,0.42596729412182194,Q,9,Core goods inflation,OLS-RollCoeff19-25,2024 Q4
2022 Q3,0.3406026856977037,Q,10,Core goods inflation,OLS-RollCoeff19-25,2025 Q1
2022 Q3,0.3104116687382335,Q,11,Core goods inflation,OLS-RollCoeff19-25,2025 Q2
2022 Q4,1.475043149155419,Q,1,Core goods inflation,OLS-RollCoeff19-25,2023 Q1
2022 Q4,1.1801845300578895,Q,2,Core goods inflation,OLS-RollCoeff19-25,2023 Q2
2022 Q4,1.1110363245410324,Q,3,Core goods inflation,OLS-RollCoeff19-25,2023 Q3
2022 Q4,0.8412835064549928,Q,4,Core goods inflation,OLS-RollCoeff19-25,2023 Q4
2022 Q4,0.5584428239472813,Q,5,Core goods inflation,OLS-RollCoeff19-25,2024 Q1
2022 Q4,0.7657554011022689,Q,6,Core goods inflation,OLS-RollCoeff19-25,2024 Q2
2022 Q4,0.5128983653849167,Q,7,Core goods inflation,OLS-RollCoeff19-25,2024 Q3
2022 Q4,0.4648630153408319,Q,8,Core goods inflation,OLS-RollCoeff19-25,2024 Q4
2022 Q4,0.3310983788736498,Q,9,Core goods inflation,OLS-RollCoeff19-25,2025 Q1
2022 Q4,0.31047284712425394,Q,10,Core goods inflation,OLS-RollCoeff19-25,2025 Q2
2023 Q1,1.3005866790455558,Q,1,Core goods inflation,OLS-RollCoeff19-25,2023 Q2
2023 Q1,1.2153792626548976,Q,2,Core goods inflation,OLS-RollCoeff19-25,2023 Q3
2023 Q1,0.9265798537238191,Q,3,Core goods inflation,OLS-RollCoeff19-25,2023 Q4
2023 Q1,0.6225397543495105,Q,4,Core goods inflation,OLS-RollCoeff19-25,2024 Q1
2023 Q1,0.8283358402721337,Q,5,Core goods inflation,OLS-RollCoeff19-25,2024 Q2
2023 Q1,0.5628209898183777,Q,6,Core goods inflation,OLS-RollCoeff19-25,2024 Q3
2023 Q1,0.5058997865577525,Q,7,Core goods inflation,OLS-RollCoeff19-25,2024 Q4
2023 Q1,0.36084430960405106,Q,8,Core goods inflation,OLS-RollCoeff19-25,2025 Q1
2023 Q1,0.33552998034971304,Q,9,Core goods inflation,OLS-RollCoeff19-25,2025 Q2
2023 Q2,1.7057587315340328,Q,1,Core goods inflation,OLS-RollCoeff19-25,2023 Q3
2023 Q2,1.3448020589303564,Q,2,Core goods inflation,OLS-RollCoeff19-25,2023 Q4
2023 Q2,0.9698228043022831,Q,3,Core goods inflation,OLS-RollCoeff19-25,2024 Q1
2023 Q2,1.1282373183014696,Q,4,Core goods inflation,OLS-RollCoeff19-25,2024 Q2
2023 Q2,0.8232245656133877,Q,5,Core goods inflation,OLS-RollCoeff19-25,2024 Q3
2023 Q2,0.7167021857899177,Q,6,Core goods inflation,OLS-RollCoeff19-25,2024 Q4
2023 Q2,0.5341160949635206,Q,7,Core goods inflation,OLS-RollCoeff19-25,2025 Q1
2023 Q2,0.48083649810748635,Q,8,Core goods inflation,OLS-RollCoeff19-25,2025 Q2
2023 Q3,0.1383083853428061,Q,1,Core goods inflation,OLS-RollCoeff19-25,2023 Q4
2023 Q3,0.04038591945538941,Q,2,Core goods inflation,OLS-RollCoeff19-25,2024 Q1
2023 Q3,0.3229373939957361,Q,3,Core goods inflation,OLS-RollCoeff19-25,2024 Q2
2023 Q3,0.16138032324948137,Q,4,Core goods inflation,OLS-RollCoeff19-25,2024 Q3
2023 Q3,0.19585646937131182,Q,5,Core goods inflation,OLS-RollCoeff19-25,2024 Q4
2023 Q3,0.1442542036751716,Q,6,Core goods inflation,OLS-RollCoeff19-25,2025 Q1
2023 Q3,0.15884767828475796,Q,7,Core goods inflation,OLS-RollCoeff19-25,2025 Q2
2023 Q4,-0.15586751577095959,Q,1,Core goods inflation,OLS-RollCoeff19-25,2024 Q1
2023 Q4,0.17139086303296897,Q,2,Core goods inflation,OLS-RollCoeff19-25,2024 Q2
2023 Q4,0.05294771898796591,Q,3,Core goods inflation,OLS-RollCoeff19-25,2024 Q3
2023 Q4,0.11942367761800796,Q,4,Core goods inflation,OLS-RollCoeff19-25,2024 Q4
2023 Q4,0.08325163617852756,Q,5,Core goods inflation,OLS-RollCoeff19-25,2025 Q1
2023 Q4,0.11590814703200301,Q,6,Core goods inflation,OLS-RollCoeff19-25,2025 Q2
2024 Q1,0.3167051951635841,Q,1,Core goods inflation,OLS-RollCoeff19-25,2024 Q2
2024 Q1,0.15771564393781437,Q,2,Core goods inflation,OLS-RollCoeff19-25,2024 Q3
2024 Q1,0.19369781309165474,Q,3,Core goods inflation,OLS-RollCoeff19-25,2024 Q4
2024 Q1,0.1376841246365097,Q,4,Core goods inflation,OLS-RollCoeff19-25,2025 Q1
2024 Q1,0.15490683802363298,Q,5,Core goods inflation,OLS-RollCoeff19-25,2025 Q2
2024 Q2,-0.0712860102756823,Q,1,Core goods inflation,OLS-RollCoeff19-25,2024 Q3
2024 Q2,0.02797362856298044,Q,2,Core goods inflation,OLS-RollCoeff19-25,2024 Q4
2024 Q2,0.015913547267982123,Q,3,Core goods inflation,OLS-RollCoeff19-25,2025 Q1
2024 Q2,0.06581512803283054,Q,4,Core goods inflation,OLS-RollCoeff19-25,2025 Q2
2024 Q3,0.2866087800084734,Q,1,Core goods inflation,OLS-RollCoeff19-25,2024 Q4
2024 Q3,0.1975098600204995,Q,2,Core goods inflation,OLS-RollCoeff19-25,2025 Q1
2024 Q3,0.1972941407879707,Q,3,Core goods inflation,OLS-RollCoeff19-25,2025 Q2
2024 Q4,0.41250346672655464,Q,1,Core goods inflation,OLS-RollCoeff19-25,2025 Q1
2024 Q4,0.35245181757540456,Q,2,Core goods inflation,OLS-RollCoeff19-25,2025 Q2
2025 Q1,0.3213150954799639,Q,1,Core goods inflation,OLS-RollCoeff19-25,2025 Q2
